channelID	time	energy	tot
343	667370946230	4.55149	303770
46	667370947118	3.36575	302882
349	667488941488	5.17248	303511
35	667488941672	7.34415	298328
349	667553823408	10.1794	301591
35	667553825705	3.60752	304295
342	667663896184	5.34093	303816
47	667663907462	1.88879	302537
342	668057681374	3.95567	303625
47	668057683510	2.12513	306489
47	668079827414	1.38905	302585
342	668079826497	1.89613	303503
342	668129993374	8.26744	301625
47	668129994845	3.58519	300155
47	668163425273	1.35931	304726
342	668163431457	1.39669	303542
46	668243367356	2.37345	302643
343	668243364421	4.50459	300578
349	668253501452	7.22144	303547
35	668253503260	3.894	301740
47	668343569969	4.75986	300031
342	668343569170	4.06818	300830
342	668601031088	6.76213	303911
47	668601033476	3.52797	301524
35	668618516792	2.28302	303208
349	668618516864	2.61587	303135
349	668716227110	5.12969	302889
35	668716229966	1.50795	305034
35	668793595525	6.3596	299474
349	668793595476	3.82569	304524
349	668864475774	2.83446	304226
35	668864475477	3.67255	299522
35	668946859424	2.71058	305575
349	668946858116	2.56116	301883
47	669050423193	3.66407	301807
342	669050431426	1.46262	303574
343	669091036956	2.29749	303043
46	669091039674	1.6063	305325
342	669153270512	3.31246	304487
47	669153278087	1.40055	301913
47	669164125804	6.36021	299195
342	669164131276	2.08543	303724
47	669225779101	4.46024	300899
342	669225778820	4.04697	301179
46	669288028375	6.06778	301625
343	669288028130	5.07953	301869
343	669297890944	1.47155	304056
46	669297893904	1.67287	306095
342	669302564546	3.60026	305453
47	669302564659	5.30547	300340
342	669371457800	3.06675	302199
47	669371465193	1.8459	304807
349	669404196483	7.86988	303517
35	669404195857	30.0283	299142
33	669404198095	1.93866	306904
342	669435571432	2.58455	303567
47	669435575743	1.46267	304256
45	669586507458	1.51373	302542
349	669586506126	4.72203	303874
47	669586505746	8.72001	299254
35	669586505359	17.5023	299641
47	669802100823	4.71893	299177
342	669802111427	2.09235	303573
342	669805631058	2.95146	303942
47	669805630357	14.8769	299643
35	669805638383	1.16155	306617
47	670060274530	8.97457	300470
342	670060276843	2.64459	303157
46	670100477579	15.697	297421
343	670100482102	1.87008	302898
342	670133958628	4.64258	301372
47	670133958899	3.81829	301100
46	670345566039	2.47739	303960
343	670345566519	1.60258	303480
47	670459478606	3.35045	301394
342	670459477415	4.63723	302585
35	670488667449	3.28532	302550
349	670488669560	1.72864	305439
47	670726951295	14.6494	298704
342	670726955088	2.52912	304912
35	670726954770	1.66209	305229
45	670726953177	1.89459	301822
349	670826442719	3.43728	302281
342	670826442610	5.17268	302390
35	670826449031	1.31994	305968
47	670826453677	1.12677	306322
35	670873690337	4.37603	299663
349	670873703444	1.62782	306555
46	670902035776	4.18776	304224
343	670902035110	4.48001	304890
342	670918431838	2.71153	303162
47	670918432051	2.73503	302948
35	671037267297	2.8149	302703
349	671037265834	4.7466	304165
46	671217129257	11.3991	300742
343	671217139265	1.59967	305734
35	671250582460	7.79618	302540
349	671250592902	1.24071	307097
342	671320753203	3.38684	301796
47	671320755715	2.15656	304284
343	671403040873	3.47058	304127
46	671403052023	1.08487	302977
342	671469298853	3.76975	301146
47	671469308357	1.26592	306643
343	671524715566	7.98845	299434
46	671524731547	1.46793	303453
35	671566257246	19.5695	297754
349	671566257872	5.66907	302128
33	671566260128	0.63855	304871
342	671717113788	5.3877	301211
47	671717126193	1.35017	303806
46	671722932711	18.7661	297289
343	671722933121	6.3249	301879
342	671818126708	4.3353	303291
343	671818130888	2.32887	304111
47	671818133236	1.97204	306763
46	671818138151	0.87249	306849
47	671859649319	7.61034	300680
342	671859648524	8.23954	301476
46	672024995055	10.5376	299945
343	672024995791	2.38482	304209
35	672081415393	3.1247	304606
349	672081413813	4.93507	301186
47	672215444967	2.0066	305032
342	672215451202	1.34529	303798
342	672275385001	5.8671	299998
47	672275385259	7.27644	299741
47	672366570628	2.45198	304371
35	672366569394	4.80901	300606
349	672366578053	1.84848	306946
349	672390609439	4.42112	300561
35	672390609787	3.82663	300212
343	672526303226	9.05587	301774
46	672526305296	2.06915	304703
46	672607955379	2.19384	304621
343	672607963598	1.23743	306402
343	672615328658	4.11838	301341
46	672615329451	3.9591	305549
47	672682720598	18.5554	299402
342	672682721426	6.18719	303574
46	672722650680	4.39959	304320
343	672722649118	16.9854	300881
35	672778857460	4.40208	302540
349	672778857080	4.69683	302920
35	672788162812	2.26421	302188
349	672788167487	1.58752	307513
343	672825754742	4.80047	300258
46	672825756071	3.16234	303928
349	672830320743	6.15871	299257
35	672830335119	1.1016	304881
349	672884628813	6.00277	301186
35	672884637732	1.45477	302267
46	672921126053	16.539	298946
343	672921129385	2.4907	305614
35	673071189356	11.1728	300644
349	673071189680	6.24108	300319
35	673094025756	11.4861	299244
349	673094026158	4.81548	303841
343	673176230470	8.67329	299529
46	673176237118	1.13745	302882
35	673213213801	9.6771	301198
349	673213220680	1.43871	304320
343	673220960091	1.69926	304908
46	673220960862	1.63522	304137
342	673309416170	4.94057	303829
47	673309426986	1.49857	303013
343	673332979135	17.0869	300864
46	673332986913	1.83321	303086
35	673500646035	7.89811	298965
349	673500655358	1.68827	304641
343	673546235184	3.72792	299815
46	673546235136	7.32876	299863
46	673580352169	1.4375	302831
343	673580347856	7.39576	302144
47	673663782268	31.7635	297732
342	673663783364	7.72101	301636
35	673663784809	2.88182	300190
45	673663787092	3.06065	302908
343	673731575409	1.37982	304590
46	673731579464	1.67999	305536
349	673762605655	2.7973	304345
35	673762620337	1.40869	304663
349	673799378222	2.11213	306777
35	673799382337	1.74311	302662
47	673904755239	1.76189	304760
342	673904752329	3.04498	302671
47	674089050459	3.73306	304541
342	674089065547	1.2194	304453
35	674121364172	4.07263	300827
349	674121369001	1.67368	305998
46	674157522838	3.35717	302161
343	674157522600	5.47256	302399
35	674281025153	3.24204	299846
349	674281023012	5.41615	301987
343	674516886956	3.22475	303043
46	674516901945	1.61123	303054
343	674599226420	21.6426	298579
46	674599229769	3.11996	305231
343	675033548342	1.43209	306658
46	675033559938	1.22577	305061
342	675105225023	15.9978	299976
47	675105228264	2.57692	301736
343	675304300280	5.35908	299720
46	675304302434	3.42761	302565
349	675478677548	11.836	302452
35	675478691023	1.26016	303977
349	675495526658	2.78233	303341
35	675495538638	1.24049	306361
349	675771324505	1.9866	305495
35	675771323200	1.7784	306800
35	675788877388	5.30643	302611
349	675788881097	2.03716	303902
47	676153403575	8.28571	301424
342	676153403694	4.25996	301305
47	676276272076	3.85035	302923
342	676276272640	2.73901	307360
349	676291345203	3.04383	304797
35	676291362337	1.31027	302662
46	676490012325	1.706	302675
343	676490025028	1.53395	304972
46	676732462466	2.98981	302534
343	676732461264	4.3236	303735
47	676797525579	6.93064	299420
46	676797526244	2.60039	303756
342	676797528078	2.36047	306922
349	677017108852	2.50165	306147
35	677017119050	1.07708	305949
342	677070633408	15.9805	301591
47	677070640582	1.71902	304418
343	677075880566	8.22087	299434
46	677075890289	1.07324	304711
46	677117627534	3.41693	302466
343	677117627345	5.42045	302655
47	677296587475	13.4871	297525
342	677296588281	4.36042	301718
35	677296607761	0.963928	302239
342	677429041648	3.54827	303351
45	677429042865	4.39539	302134
47	677429039874	22.6575	300126
35	677429041812	1.65902	303187
46	677486526769	25.9809	298231
343	677486527653	5.91983	302346
349	677536471575	4.06234	303425
35	677536472337	5.04783	302662
343	677746080015	2.60516	304985
46	677746079864	6.40055	300135
46	677898039450	13.5054	300550
343	677898044260	2.00045	305740
343	677968354469	7.21202	300530
46	677968359991	2.04744	305008
349	678063347250	13.497	302749
35	678063350664	1.86367	304335
35	678196688076	7.92337	301923
349	678196688222	2.75158	306777
342	678217749488	2.47509	305512
47	678217748735	4.81258	301264
47	678226736739	17.5076	298261
342	678226739737	2.45888	305263
35	678226746782	0.976669	303218
45	678226745522	1.42598	304478
343	678404440756	21.4941	299243
46	678404443981	1.92894	306018
341	678404455106	0.950947	304893
35	678584981934	15.6769	298065
47	678584980034	6.22798	304966
349	678584983905	2.24905	306095
33	678584992883	0.628986	307116
342	678584997566	1.55427	307433
47	678595078128	1.40475	301872
342	678595082141	1.77074	302858
35	678624292087	10.8193	297913
349	678624292757	2.12555	307242
35	678691730577	5.99279	299423
349	678691731103	3.16568	303896
342	678794926076	6.57632	298924
47	678794926064	13.6231	298936
46	678823105200	2.49727	304799
343	678823103176	6.28975	301823
349	678871891129	11.3887	298871
35	678871891721	8.86929	298279
349	678887243921	6.34844	301079
35	678887243638	10.8343	301361
343	678904034153	5.05626	300847
46	678904035763	3.84671	304237
349	678928851755	10.9498	298244
35	678928856580	1.87164	303419
349	678950391956	3.90956	303044
35	678950399888	1.46714	305111
349	678952640446	6.54188	299554
35	678952642026	4.30741	302974
46	679117029816	7.26472	300183
343	679117033397	2.06242	306602
35	679126258666	2.72615	301334
349	679126257548	4.09615	302452
47	679188121721	5.80112	298278
342	679188126600	2.12526	303400
35	679427012156	30.4993	297843
349	679427012696	7.13383	302303
33	679427014346	2.33281	300653
46	679504072009	22.0774	297991
343	679504073598	3.62912	301402
35	679514882154	3.45327	302845
349	679514879385	9.08834	300615
343	679615370057	18.7146	299943
46	679615373566	3.28651	301434
343	679646105842	7.48655	299157
46	679646107566	2.74778	302434
349	679971604321	6.10653	300679
35	679971603898	12.4795	301102
35	679991836480	6.80265	298519
349	679991839726	1.45846	305274
343	680020845123	2.94699	304876
46	680020854991	1.15597	305008
47	680133212206	1.832	302794
342	680133217696	1.34513	307303
46	680194861160	4.80964	298840
343	680194861169	3.84215	303831
349	680199869290	2.11491	305709
35	680199874356	1.78986	305644
342	680250685288	3.52551	304712
47	680250684773	7.28704	300227
47	680321071483	3.245	303516
342	680321078122	1.26842	306877
46	680574320379	2.63702	304621
343	680574318533	6.18423	301467
349	680592035148	7.98035	299851
35	680592040023	1.70789	304976
35	680925916419	1.77114	303580
349	680925913726	1.57708	306274
343	680999695187	2.65518	304813
46	680999694832	3.13301	305167
35	681046595918	11.2681	299081
349	681046602815	1.43816	307185
35	681050016267	2.83205	303733
349	681050014118	10.322	300882
342	681175869672	3.15077	305327
47	681175869205	14.2897	300794
342	681418628153	4.14851	301847
47	681418628387	5.13356	301612
35	681501876210	6.97377	298790
349	681501874881	13.0738	300118
46	681553197296	5.96458	302703
343	681553197739	3.7027	302260
342	681553297831	8.07735	302169
47	681553302397	1.67101	302602
35	681574876061	3.96941	303938
349	681574875588	2.90411	304412
47	681631520064	1.94064	304935
342	681631522059	1.35757	302940
342	681892681722	2.40697	303278
47	681892689034	1.73209	305965
342	681935759297	6.75906	300702
47	681935759036	16.0113	300964
349	682339307144	2.51733	302855
35	682339304535	17.7844	300465
33	682339308379	1.53188	301620
47	682575795160	7.87108	299840
342	682575796803	2.70491	303196
35	682643849455	9.60339	300545
349	682643860655	1.73535	304345
33	682643868440	0.348248	306559
342	682664544546	5.78974	300453
47	682664545918	2.1	304081
343	682664546876	2.52671	303123
349	682689088398	2.35965	306602
35	682689089333	1.85616	305666
35	682877044932	11.5243	300068
349	682877044920	7.57555	300079
46	682881135027	9.25404	299973
343	682881134231	9.81976	300769
46	682954309109	1.05999	305891
343	682954309324	1.54849	305675
46	683005977853	1.47362	302146
343	683005973767	3.35436	301232
343	683135011966	13.8805	298034
46	683135013432	4.30293	301567
342	683195792059	5.83436	302940
47	683195793582	3.53997	301418
342	683376745001	15.1931	299998
47	683376754578	1.51693	305421
47	683456953649	2.44982	301350
342	683456956943	1.5219	303056
47	683637849400	7.50982	300600
342	683637856648	1.90194	303351
47	683640335551	6.4149	299448
342	683640334589	6.98123	300410
46	683765030118	6.22342	299881
343	683765033979	1.79148	306021
342	683774927996	3.41118	302003
47	683774931721	2.14418	303278
47	683888715746	10.7943	299254
342	683888722800	2.06636	307199
35	683888724377	1.3686	305622
46	683923549033	5.62614	300967
343	683923548884	3.91674	301116
349	683991464505	2.20757	305495
35	683991463608	3.10712	301392
35	684247488596	5.74563	301403
349	684247488772	3.82122	306227
349	684358235476	1.27545	304524
35	684358245001	1.12186	304999
47	684358737704	1.85585	302295
342	684358734170	5.24727	300830
349	684378172360	2.72647	302639
35	684378183107	1.25005	301893
35	684650242580	9.35505	297420
349	684650241719	9.3464	298280
35	684740603260	13.3167	301740
349	684740607242	2.0639	302758
343	684934660154	4.18549	299846
46	684934660283	6.10975	299717
46	685042595257	5.42712	299742
343	685042595682	2.04305	304317
46	685185147615	10.9205	297385
47	685185143431	7.11114	301569
342	685185142246	15.6842	297754
343	685185148151	2.85878	301848
47	685307345224	2.58125	304775
342	685307343087	6.94229	301913
47	685343804230	3.66738	300769
342	685343818630	1.37044	306370
46	685347935830	3.51716	299169
343	685347933546	20.961	301454
47	685407735113	3.14551	299886
342	685407733268	10.8894	301731
342	685418271790	7.38641	303209
47	685418275940	1.79057	304059
343	685443860947	3.11015	304052
46	685443860507	9.11587	299493
35	685627615149	3.85706	299850
349	685627614146	5.27315	300853
46	685633104688	3.62375	300311
343	685633104105	4.89142	300895
342	685664905547	2.14798	304453
47	685664905746	2.77497	304254
35	685687605398	4.60986	299602
349	685687617074	1.5971	302926
35	685777181189	17.7002	298810
36	685777187587	1.03452	302413
349	685777183073	2.44645	301926
33	685777188885	0.525322	306115
349	685785178086	13.0551	301914
35	685785180477	3.55324	304522
46	685948440690	16.3846	299309
343	685948441495	5.2549	303504
47	686038285943	4.82531	299056
342	686038286011	3.89214	303988
47	686161906490	2.51655	303510
342	686161906974	1.7597	303026
47	686307144715	6.22258	300285
342	686307143429	3.9021	301571
46	686476204880	5.22911	300119
343	686476204296	3.46175	305704
47	686493551769	1.46416	303230
342	686493548598	5.84607	301402
47	686496474230	3.69409	305769
342	686496473374	5.61677	301625
47	686596307991	3.02073	302008
342	686596311756	2.15654	303244
35	686619294150	9.30748	300850
349	686619295691	3.72659	304308
46	686766807406	2.71775	302593
343	686766810938	1.86164	304062
35	686801126914	1.6599	303085
349	686801137303	1.23031	302697
47	686907660614	3.68288	304386
342	686907660001	3.91683	304998
349	686985620748	6.24274	299251
35	686985634543	1.20398	305457
349	686993831719	5.35086	303280
35	686993832549	4.93685	302450
47	687047372410	11.2038	297590
342	687047371994	6.30064	303005
35	687212015119	7.43658	299881
349	687212018467	2.20812	306532
47	687491952933	5.3755	302067
342	687491952289	5.56449	302711
46	687599867466	1.87535	302534
343	687599868207	2.48941	306793
342	687624554167	2.94432	300832
47	687624558251	1.86647	306749
47	687808990684	9.49645	299316
45	687808993997	2.45002	301002
342	687809008246	1.45529	306753
47	687865902829	0.850891	302170
342	687865899616	1.52044	305383
343	687989766962	13.6332	298037
46	687989771753	2.69945	303247
349	688000267250	4.68251	302749
35	688000268788	4.51598	301212
342	688127369940	2.49367	305059
47	688127371657	1.31389	303343
46	688189983751	3.4737	301249
343	688189982939	5.51368	302060
349	688244828829	12.5587	301170
35	688244837114	1.72131	302886
361	688244848333	0.93742	306667
35	688250267278	7.4668	297721
349	688250267250	3.607	302749
349	688710655743	2.40181	304256
35	688710665660	1.83242	304339
46	688749701639	4.35786	303360
343	688749700756	20.0552	299243
35	688844262217	3.31524	302782
349	688844262281	3.82835	302719
46	688845976071	1.82002	303928
343	688845974183	3.13443	305816
35	689007392449	1.75541	302550
349	689007391483	1.49083	303516
47	689116388325	2.38707	301675
342	689116396790	1.46803	303209
343	689133848121	3.52776	301879
46	689133848406	5.51505	301593
35	689179801794	2.78682	303206
349	689179799356	2.81202	305644
349	689254206776	1.95928	303223
35	689254204980	7.83833	300020
47	689275519205	2.5757	305794
342	689275518122	4.61875	301877
349	689341670148	5.62821	299851
35	689341675294	1.54372	304706
47	689407920918	18.6163	299081
342	689407924426	2.64975	305574
35	689407924909	2.19205	305090
45	689407933740	1.46037	306259
46	689572528727	4.54946	301272
343	689572531489	1.59457	303511
35	689617373547	3.31416	301453
349	689617372311	6.66953	302688
35	689788837510	3.51379	302489
349	689788838638	1.76963	306362
343	689880659265	5.17198	300735
46	689880667885	1.48021	302114
47	689906747288	8.91504	297711
342	689906759321	1.20362	305678
47	690228698584	4.47964	301415
342	690228697917	2.62475	302082
47	690391284629	4.27472	300371
342	690391283342	7.71557	301657
342	690478911868	2.71861	303131
47	690478916005	1.59839	303994
342	690489116778	4.99779	303222
47	690489117254	9.11117	297746
343	690586999099	5.07045	300900
46	690587004321	2.20738	305678
46	690760730872	4.53108	299128
343	690760731203	4.32594	303797
35	690780856765	4.70831	303234
349	690780866781	1.12803	303219
342	690811748502	8.4552	301498
47	690811749551	7.62825	300449
46	690831410987	26.728	299013
343	690831412067	6.3003	302932
46	690882269524	3.25649	300476
343	690882267844	4.79496	302155
46	691081997339	4.08336	302660
343	691081996941	3.70393	303058
342	691085436904	3.36245	303096
47	691085444131	1.01566	305868
35	691246575996	3.90898	304004
349	691246575332	4.51571	304667
47	691391381912	8.71542	298087
342	691391383970	3.01155	306029
47	691413197410	3.21462	302590
342	691413196214	6.58676	298785
35	691438027429	1.76221	302570
349	691438029496	1.51841	305503
47	691530781548	4.46005	298451
342	691530789648	1.10856	305351
349	691734607109	2.04071	302891
35	691734613046	1.45197	301954
342	691765499044	4.51274	300955
47	691765499060	9.21254	300940
47	691795402319	2.79602	302681
342	691795400632	10.4305	299367
47	691797232530	2.71445	302469
342	691797231141	3.44682	303859
47	691800400434	1.18581	304566
342	691800405833	1.04314	304167
349	691811180412	2.4445	304587
35	691811197266	0.86134	302733
46	691852460830	3.18884	304169
343	691852462302	2.13436	302697
46	692000271786	4.04285	303214
343	692000270409	3.93752	304590
46	692122341689	2.01944	303310
343	692122343863	1.44829	306137
343	692336928081	9.5499	301919
46	692336932213	2.48907	302787
35	692352432946	4.12126	302054
349	692352446864	1.34378	303135
343	692417969153	4.28633	305847
46	692417976117	1.23928	303883
35	692452335172	12.7324	299828
349	692452336900	2.10546	303099
35	692487170058	1.9586	304942
349	692487172368	2.20647	307631
47	692544156017	18.0012	298982
35	692544162034	1.53122	302965
342	692544158342	2.73223	301657
45	692544159219	2.89632	300780
35	692792250450	2.47606	304549
349	692792261935	1.4082	303065
35	692816745943	3.50354	304056
349	692816744591	5.92554	300409
47	692911562432	7.40657	297568
342	692911568187	1.27967	306812
45	692911569673	0.957943	305326
342	692927929958	6.83249	300041
47	692927930839	6.57398	299161
35	693051716873	2.32256	303126
349	693051715126	4.6808	304873
46	693068902325	2.59478	302675
343	693068901365	5.22054	303634
349	693085971601	4.68633	303399
35	693085972400	5.80811	302599
343	693177798754	1.7289	306246
46	693177802169	1.87834	302831
46	693252764991	2.81808	300008
343	693252769035	1.48758	305965
343	693404813819	3.67235	301181
46	693404814016	4.3896	300984
47	693477417886	9.3932	302114
342	693477431708	1.05638	303291
342	693659015577	13.8068	299422
47	693659013323	4.32427	306677
46	693674033375	9.03079	301625
343	693674034422	3.79257	300578
46	693696878165	5.00318	301834
343	693696877709	3.93159	302291
47	694001631267	2.4633	303732
342	694001641500	1.17775	303499
46	694069170150	4.19634	299849
343	694069173628	1.72251	306372
349	694307830599	6.85619	299400
35	694307830935	9.6645	299065
349	694321258881	7.49261	301118
35	694321260062	5.89342	299938
35	694368465072	3.59887	299928
349	694368463520	5.94478	301480
47	694435301696	3.07486	303303
342	694435300383	5.96555	299616
343	694502322102	8.88384	302898
46	694502324619	2.82957	300380
47	694540507513	3.042	302486
342	694540507917	4.51241	302082
349	694649704915	3.49767	305085
35	694649703269	22.6517	296731
33	694649714808	0.966908	305192
349	694706322021	4.79318	302978
35	694706322097	7.35231	297902
342	694744286613	3.60456	303387
47	694744285616	8.28105	299384
35	694744316904	1.43129	303096
349	694744317731	2.05598	302269
342	694966626180	3.23443	303819
47	694966624079	16.1431	300920
45	694966632013	1.33215	302986
35	694966634377	0.93277	305622
349	695025745091	12.2572	299908
35	695025754901	1.03287	305098
47	695031846264	1.44576	303735
342	695031849798	1.29833	305202
349	695092988742	5.03041	301258
35	695092994543	1.42368	305457
343	695205067600	5.47256	302399
46	695205069460	2.69114	305540
342	695333468493	19.021	306506
47	695333477138	2.02996	302861
46	695414337325	7.56612	302675
343	695414335793	11.5027	299206
46	695434182630	2.76396	302370
343	695434180076	11.9922	299924
46	695531881530	4.67228	303469
343	695531881363	2.26744	303636
47	695547005792	1.66699	304207
342	695547003725	1.38811	306275
342	695672250512	10.3222	299487
47	695672252319	3.4131	302681
349	695742173520	6.58301	301480
35	695742174081	9.03236	300919
349	695865366303	2.92501	303696
35	695865376765	1.19736	303234
46	695901345955	10.5907	299045
343	695901346233	3.6321	303766
342	695934400755	2.89552	304244
47	695934401193	2.57341	303806
343	695942273813	1.44698	306186
46	695942284642	1.08284	305358
35	696016059939	2.59338	305060
349	696016064009	1.7406	305991
47	696045797310	9.94786	297689
342	696045798628	2.7243	306371
349	696140134354	6.94707	300645
35	696140135508	3.77998	304492
46	696211345373	4.14045	304627
343	696211360091	1.23572	304908
343	696250380713	23.0908	299287
349	696250381839	9.14833	303160
46	696250383183	4.33625	301817
342	696250394620	1.4968	305380
35	696250410913	0.870338	304087
35	696374868291	9.5633	301708
349	696374868969	3.45933	301031
35	696452194787	3.78537	300213
349	696452194290	3.39053	305709
35	696526384242	1.75389	300758
349	696526388265	1.37793	306735
349	696653212101	4.15067	302899
35	696653214474	2.03495	305526
343	696662176455	5.9922	303545
46	696662178375	2.02306	301625
47	696676352271	5.11728	302729
342	696676359651	1.52619	305349
349	696746298459	2.73338	301541
35	696746298848	6.04765	301151
349	696887243257	4.02212	301742
35	696887249076	1.52235	305924
46	696925461085	1.67738	303915
343	696925458962	2.70197	301038
47	696930583063	6.50618	301936
342	696930582449	3.02219	302550
343	697021662579	4.35625	302420
46	697021663823	3.67258	301176
343	697036480665	2.59088	304335
46	697036483358	1.78654	306641
46	697075952593	3.91328	302407
343	697075958016	1.51979	306984
46	697158892452	12.2425	297548
343	697158893992	2.63022	306007
46	697178354720	3.84645	300279
343	697178353216	6.80855	301783
47	697196919324	3.60863	300675
342	697196934395	1.45319	305605
349	697371419141	3.14576	305858
35	697371418062	10.9437	301937
343	697388926926	2.98705	303074
46	697388930321	1.74686	304679
35	697394907461	2.0472	302538
349	697394904131	1.97601	305869
343	697456142770	5.09169	302230
46	697456143118	3.53027	301881
343	697548453819	3.45538	301181
46	697548453326	7.76171	301674
35	697591023757	4.01775	301243
349	697591032837	1.39506	307163
342	697694080088	15.7598	299912
47	697694087181	1.7384	302819
343	697777661298	6.27285	298701
46	697777664482	2.46117	305518
46	697789357086	2.9122	302914
343	697789356270	2.63783	303730
47	697889504519	10.417	300481
342	697889505860	2.00178	304140
35	697905115302	6.56496	299698
349	697905113695	10.474	301304
342	697936826708	3.62353	303291
47	697936827011	5.45411	297988
349	697964331809	10.1386	298191
35	697964333849	4.08335	301151
349	697984554592	6.22458	300407
342	697984558875	1.58064	306125
35	697984560163	2.17796	304836
35	698123050393	7.03623	299606
349	698123051960	2.43475	303039
343	698151527995	11.431	302005
46	698151537023	1.52737	302977
349	698399286982	5.19398	303017
35	698399302026	0.813576	302974
349	698432497109	14.5923	297891
35	698432502873	2.30239	302127
349	698447548234	3.4369	301765
35	698447548090	6.17608	301910
343	698517786646	9.5929	298354
46	698517788695	2.19395	306304
349	698578466837	2.39835	303162
35	698578480416	1.57032	304583
342	698751184940	5.14291	300059
47	698751185227	5.93836	299773
343	698771139959	1.27412	305040
46	698771150008	1.34767	304991
47	698810526998	10.0925	298001
342	698810527354	2.76694	302645
343	698822587960	6.30429	302039
46	698822588165	5.45775	301834
46	698848507403	2.97525	302597
343	698848511110	1.67	303890
343	698950556546	7.63642	303453
46	698950565776	1.49788	304224
342	698950571331	1.60533	303668
349	698961809205	2.72141	305794
35	698961809909	1.71514	305091
35	699040992339	3.55855	302660
349	699040995209	1.44761	304790
47	699071827756	7.50674	302244
342	699071828853	2.76925	306146
349	699119030203	2.40382	304797
35	699119029980	3.79988	300020
343	699283477579	2.19214	307420
46	699283483503	1.26886	306497
349	699310703469	4.42184	301530
35	699310704909	2.15116	305091
47	699337720746	1.54808	304254
342	699337720478	1.69262	304521
35	699368657370	12.0989	297630
349	699368658756	3.64551	301243
47	699378051483	5.08524	303516
342	699378050060	4.24115	304939
35	699457620010	2.14765	304989
349	699457622399	1.41686	307601
47	699591582203	9.83998	297797
342	699591582324	4.6422	302676
343	699794628515	2.53586	306484
46	699794634077	1.27287	305922
35	699856885447	2.44541	304553
349	699856883673	1.61121	306326
35	699902472175	1.94774	302825
349	699902467256	2.48068	302744
349	700121680569	10.0708	299431
35	700121683051	3.62348	301949
47	700139786502	5.2888	303498
342	700139788471	1.73295	306528
35	700206819726	13.2201	300273
349	700206828249	1.48031	306751
343	700364513563	4.32043	301436
46	700364513310	7.30613	301689
342	700457996020	6.57102	298979
47	700458001619	1.51577	303380
349	700576517078	2.24593	302921
35	700576516491	12.0871	298509
33	700576531109	0.311916	303891
349	700578262429	2.06046	307570
35	700578269809	1.23125	305190
47	700665132787	17.0403	297213
45	700665136081	0.844849	303919
342	700665133918	2.54814	306081
35	700665140027	1.08428	304972
46	700707758790	2.22031	301210
343	700707761676	1.61869	303323
35	700797864225	5.6493	300775
349	700797870595	1.10057	304405
343	700876377661	2.61281	307338
46	700876379706	1.38609	305293
47	700885366082	3.74662	298917
342	700885364906	6.08837	300094
47	700998305324	2.604	304676
342	700998316582	1.26328	303417
47	701072676946	12.6426	298053
342	701072681331	2.77731	303668
35	701088421521	3.10578	303478
349	701088419881	10.0693	300118
46	701156183936	5.38282	301063
343	701156191365	1.95395	303634
46	701170352498	1.21888	302502
343	701170348672	2.33413	306328
342	701182520002	33.0688	299998
47	701182523056	3.23993	301943
364	701182530439	1.28201	304560
47	701204939648	3.26529	300351
342	701204950312	1.47282	304688
349	701219393822	1.85123	306178
35	701219394634	1.873	305365
47	701222955943	1.37551	304056
342	701222955469	1.89858	304530
35	701227099120	1.37688	305880
349	701227098141	1.65532	306858
342	701298679650	5.31873	300349
47	701298680952	3.53983	304047
343	701438706384	3.57215	303615
46	701438706402	5.19514	298597
46	701504052197	3.9067	302802
343	701504052726	3.1636	302273
47	701513886666	2.86431	303334
342	701513888342	2.17503	306658
35	701601368330	4.20266	301670
349	701601376364	1.87729	303635
342	701614021838	4.83527	303162
47	701614021769	5.12093	298230
342	701687675820	3.1449	304179
47	701687678323	2.28131	306677
46	701788767737	3.79696	302262
343	701788768432	2.83583	301568
46	701853041831	6.98193	298169
343	701853046609	1.29913	303390
35	701877779547	4.88504	300453
349	701877780773	2.60648	304226
46	701945129289	2.87192	305710
343	701945128788	3.43463	301211
46	702009107149	6.30456	302850
343	702009106966	3.31503	303034
47	702118949690	4.0819	300310
342	702118949234	5.00352	300765
349	702312429009	1.95031	305991
35	702312432754	1.60382	302245
35	702362127026	1.91734	302974
349	702362124859	2.27404	305140
46	702418705703	3.71323	299297
343	702418703523	4.02166	301476
47	702582037159	2.15429	302841
342	702582036331	4.43054	303668
343	703278250532	1.38985	304468
46	703278255571	1.56068	304429
349	703296568756	10.0552	301243
35	703296571460	4.53735	298539
35	703330649809	3.75525	300190
349	703330647967	8.30165	302032
35	703407777087	1.71657	302913
349	703407772990	8.05886	302009
46	703491715200	2.0535	304799
343	703491713260	3.71717	301740
349	703943354347	4.89435	305652
35	703943358260	1.7946	306740
35	703953537693	3.55479	302306
349	703953537490	2.64943	302509
46	703992034300	3.88559	300699
343	703992033432	5.40244	301568
46	704190212308	2.95172	302692
343	704190216935	1.4534	303064
47	704220627730	13.9565	297269
342	704220630127	2.32246	304872
45	704220632427	1.11813	302572
35	704220637608	1.36715	302391
349	704320332281	2.5475	302719
35	704320342812	1.21241	302188
47	704441041817	1.14465	303183
342	704441038277	1.69433	306723
47	704603927193	4.61805	302807
342	704603925694	13.614	299305
35	704667336873	9.8541	298126
349	704667337431	3.3645	302568
46	704728993791	7.04896	301208
343	704728996159	1.90314	303840
46	704765385091	4.25841	299909
343	704765386455	2.03974	303545
342	704818089549	5.85201	300451
47	704818090257	4.49878	299742
47	704880008744	13.5747	301255
342	704880009386	3.80591	305614
349	704974911334	12.4832	298666
35	704974920725	1.22589	304274
342	704974931500	0.713875	303499
47	705034198121	5.51621	301878
342	705034214930	1.16504	305069
342	705117918558	3.69264	301441
47	705117918615	4.27985	301385
35	705414085102	6.50116	299897
349	705414091515	1.39429	303485
47	705414099969	1.51117	305031
46	705440171019	15.2029	298981
343	705440173884	2.22292	306116
47	705564997475	5.48385	302525
342	705565005257	1.39384	304743
35	705572811702	4.09344	303297
349	705572813813	1.80642	306186
349	705829200357	1.46602	304642
35	705829216541	0.958241	303458
343	705875030568	15.2369	299431
46	705875035862	1.18757	304137
47	706044438939	9.68681	301061
342	706044438820	3.81281	301179
343	706074248216	3.79665	301784
46	706074248177	4.92625	301822
343	706133434641	2.07777	305358
46	706133449619	1.16356	305380
349	706238137330	4.42727	302670
35	706238146820	1.27074	303179
343	706469937006	4.41683	302993
46	706469939524	2.03199	305476
343	706624586455	23.3475	298545
46	706624589193	3.40417	300806
47	706800564909	4.41819	300090
342	706800563970	4.19767	306029
47	706880331394	7.40558	298605
342	706880329555	15.8738	300444
46	706915228439	8.81385	301561
343	706915229694	1.61362	305305
35	706978071643	4.46111	303356
349	706978073654	3.58447	306346
46	707124512515	5.77857	302484
343	707124512570	8.04101	302430
47	707201765257	3.70827	304742
342	707201768312	4.13069	301688
349	707338112641	5.32556	302358
35	707338114962	1.91191	305037
343	707443028588	7.07221	301411
46	707443029811	3.31072	300189
342	707452696184	10.4568	298816
47	707452697592	6.02985	302408
349	707497036065	7.20449	298935
35	707497045790	1.7129	304209
35	707520189919	3.00817	305081
349	707520188704	9.47923	301296
47	707570610005	1.39287	304995
342	707570612520	1.61523	307480
343	707628259170	4.45716	300830
46	707628261705	2.61195	303294
342	707747021821	8.60748	303179
47	707747024773	2.58245	305227
342	707903664805	3.9529	305195
47	707903665104	5.68571	299896
343	708046248142	2.01139	306858
46	708046255193	1.05685	304806
342	708242609161	4.04989	300839
47	708242611536	1.61316	303463
46	708388450002	10.3847	299997
343	708388449485	8.89152	300515
47	708559617860	15.4439	297140
342	708559619386	3.3304	305614
35	708559624740	1.44049	305260
349	708617267426	7.72285	302574
35	708617268596	3.73707	301403
47	708619929679	2.27118	305321
342	708619943853	1.36714	306146
343	708640401745	2.57897	303255
46	708640404673	1.76261	305326
46	708680592515	1.07888	302484
343	708680589035	1.9578	305965
46	708733772342	4.94554	302657
343	708733772939	2.72594	302060
342	708864290131	4.89378	304869
47	708864293445	3.13882	306554
35	709016192751	1.84559	302249
349	709016190567	1.93052	304432
349	709065584824	4.70915	300175
35	709065584577	4.4529	300422
35	709167068688	6.43767	301312
349	709167068318	3.39402	301681
349	709357352022	6.56715	302977
35	709357356358	1.53991	303641
342	709477241587	4.96	303412
349	709477241098	5.60368	298901
35	709477251489	0.989735	303511
35	709623792117	14.3025	297882
33	709623796254	0.929447	303746
349	709623793082	3.77339	301918
46	709636452674	20.7546	297326
343	709636452982	7.18258	302018
343	709685962463	8.67117	302537
46	709685963326	10.0703	301674
46	709731531166	13.2706	298833
343	709731533472	2.14026	306528
343	710053995471	1.6089	304529
46	710053998878	1.60331	306122
342	710128092952	2.09978	307048
47	710128093844	1.69656	306156
35	710417158696	8.5842	301303
349	710417158116	7.47332	301883
46	710454457039	2.08944	302961
343	710454453407	2.67514	301593
47	710496236064	1.93673	303936
342	710496237631	2.03658	307368
46	710803880576	3.14091	304424
343	710803878471	8.03581	301528
349	710831879001	1.67368	305998
35	710831880281	1.1154	304718
35	710884167327	1.94829	302672
349	710884167462	2.52195	302538
46	710902964898	6.02929	300101
343	710902963386	10.0207	301614
342	710939156661	4.48609	303339
47	710939156696	7.35743	298303
349	710944241930	3.06293	303070
35	710944244062	1.76192	305938
349	710963809962	3.419	305037
35	710963810852	2.38487	304148
35	711095272812	4.46399	302188
349	711095281097	1.40095	303902
46	711115386991	1.29644	303009
343	711115383558	3.32391	301442
46	711161898712	1.85506	306288
343	711161899057	1.71766	305942
349	711262281839	3.3686	303160
35	711262280275	18.0466	299724
33	711262284281	1.86088	300718
35	711399392327	19.0505	297672
349	711399393793	3.21529	301206
33	711399399583	0.861652	305416
47	711610666363	8.81287	298637
342	711610666393	3.4978	303607
343	711678358342	5.91689	301658
349	711678357338	11.7884	302662
35	711678367818	1.62046	302181
342	711678365642	1.46997	304358
343	711748974706	2.78894	305294
46	711748973183	11.0437	301817
47	711752896739	7.3659	298261
342	711752896391	2.85635	303608
46	711767148262	5.70773	301738
343	711767147970	4.35585	302030
46	712103885448	3.33878	304551
343	712103890818	1.68171	304182
45	712227132685	1.66402	302315
47	712227130888	7.19033	299112
35	712227195180	1.54721	304820
349	712227203695	1.14434	306304
349	712241804787	6.73439	300213
35	712241805516	5.30397	299484
349	712369086128	2.67961	303872
35	712369098535	1.62912	306464
47	712383486687	1.72824	303312
342	712383484928	1.792	305072
349	712389040148	9.90704	299851
35	712389049543	1.85677	305457
46	712395442674	12.5159	297326
343	712395443355	3.50364	301644
349	712723189172	2.72803	305828
35	712723188124	14.3035	296876
33	712723193435	0.692589	306565
47	712777642561	4.35671	302439
342	712777641405	4.67123	303595
343	712914423281	2.58145	306719
46	712914428808	1.43283	306192
343	712970905663	3.45098	304336
46	712970906547	4.1489	303453
35	713203768107	4.30955	301893
349	713203767338	8.13684	302662
35	713309317144	6.84147	302855
349	713309327894	1.19857	307105
35	713318972946	13.6222	297054
349	713318973772	3.32782	301227
47	713392838359	1.98852	301640
342	713392837544	2.78049	302455
349	713450488851	8.1273	301149
35	713450489264	11.6183	300736
349	713846600267	2.73463	304733
35	713846601210	1.97028	303790
342	714078409928	3.67634	305072
47	714078409713	4.2995	300286
349	714202541514	3.40858	303486
35	714202540512	20.6253	299488
33	714202547059	0.828014	302941
36	714202543986	1.27405	306014
343	714313260505	11.2464	299495
46	714313268846	1.59468	306153
46	714402531402	6.33208	298597
343	714402530215	9.77436	299784
47	714453127561	5.17476	302439
342	714453138948	1.36093	306051
349	714510200179	2.504	304821
35	714510200813	2.76825	304187
349	714560077849	3.14509	302150
35	714560093967	0.915142	306032
46	714657018904	4.69717	301095
343	714657021581	2.06235	303419
343	714787996319	7.51045	303680
46	714788000193	1.94624	304806
342	715035060322	4.2182	304678
47	715035060848	4.21848	304152
342	715229081362	3.01672	303638
47	715229080780	6.66486	299220
349	715308791965	1.83778	303034
35	715308793046	2.10066	301954
46	715356577519	2.1726	302480
343	715356574616	10.1294	300384
46	715535391306	22.6262	298693
343	715535392995	2.81092	302005
30	715535400582	0.632469	304417
47	715566176548	2.23713	303451
342	715566173277	2.86708	306723
349	715623384531	3.06165	305468
35	715623386307	1.7515	303692
343	715842386876	1.82616	303123
46	715842383598	5.99594	301401
47	715870223680	10.6632	301320
342	715870224810	3.17249	305189
35	715874476214	2.88918	303786
349	715874478890	1.71737	306109
47	716047229335	4.83042	300664
342	716047244393	1.05564	305607
46	716100967181	8.36888	302819
343	716100966077	9.94756	298923
47	716101552319	5.86571	302681
342	716101553056	3.35332	301944
342	716223472359	7.57905	302640
47	716223482150	1.32776	302849
349	716276601164	8.68089	298835
35	716276616175	1.28763	303824
35	716369986995	15.4854	298004
349	716369987729	7.04798	302270
349	716594917083	4.42902	302916
35	716594921358	2.18979	303641
342	716595503694	13.0188	301305
47	716595508575	2.34101	306424
342	716644203619	2.70412	306380
47	716644212353	1.78456	302646
349	716938531996	9.14297	303004
35	716938532693	6.91998	302306
46	716963034304	1.87693	305696
343	716963033943	2.17022	306057
35	716972802400	4.68724	302599
349	716972802658	4.48989	302342
343	717050236609	1.99789	303390
46	717050233808	4.00289	301192
47	717142823141	6.43822	301858
342	717142836306	1.16249	303693
35	717442233291	5.45782	301708
349	717442233177	3.84678	301822
35	717510754878	1.92486	305121
349	717510757022	2.06623	302977
35	717599711489	8.44859	298511
349	717599711925	3.47832	303074
46	717691735443	5.00366	299557
342	717691734078	4.73415	300922
47	717691733744	6.56229	301255
342	717789805192	6.64439	299807
47	717789805499	9.99365	299501
349	717817342723	6.06238	302276
35	717817354543	0.987579	305457
343	717850851966	3.31503	303034
46	717850859715	1.40544	305284
47	717865761684	1.73336	303315
342	717865765663	1.54152	304337
35	717887226702	1.67565	303297
349	717887223793	1.99854	306206
47	717893879744	3.49	300256
342	717893879798	2.94044	305202
47	717982340169	5.28657	299831
342	717982340386	3.52353	304613
35	718247610363	0.977455	304636
349	718247609236	1.24048	305764
343	718263836464	3.14121	303535
46	718263841913	1.6084	303086
47	718732483366	6.89467	301633
342	718732483343	5.61274	301656
342	718736806904	7.2211	298096
47	718736809933	2.20367	305066
46	718794575936	7.71816	299064
343	718794576104	3.12812	303896
342	718843641814	3.59638	303186
47	718843643807	2.58373	306193
343	718922547951	16.8489	302048
46	718922549673	3.4313	300326
47	718959477626	4.59113	302373
342	718959477280	4.14659	302719
47	719134062042	15.569	297958
342	719134064044	2.1049	305955
45	719134069410	1.49136	305590
35	719134075918	1.24199	304081
342	719410696623	17.2962	298377
47	719410700304	2.79711	304696
35	719470847812	1.61473	302188
349	719470849398	1.18149	305602
343	719541250984	6.31472	304016
46	719541251657	4.26123	303342
35	719572658269	1.21019	306731
349	719572667431	1.51455	307568
47	719595866869	3.32117	303131
342	719595864672	14.6639	300327
47	719774966654	5.60399	298346
342	719774970472	1.73698	304527
47	719821899904	6.38404	300095
342	719821909672	1.7405	305327
343	719835799295	2.08217	305704
46	719835800309	2.55455	304690
342	719952808439	3.20879	306561
47	719952808735	4.81258	301264
35	720098531297	9.97102	298702
349	720098541483	1.47689	303517
343	720139590856	10.1417	299144
46	720139594610	2.42023	305390
46	720199030008	2.23935	304991
343	720199027302	16.6695	297697
349	720250602399	4.75906	302601
35	720250604045	3.17344	300954
47	720349477738	4.31138	302261
342	720349477341	4.15787	302658
47	720465600369	5.24251	299631
342	720465602995	1.42778	307004
47	720547363152	16.5315	301848
45	720547364280	4.28486	300719
35	720547370766	1.4282	304234
36	720547370431	1.77796	304568
342	720547368820	1.8737	306179
342	720559279226	5.24917	300774
47	720559292933	1.49314	302067
35	720576512056	17.1076	297943
349	720576513055	2.61419	306944
35	720721924089	3.90787	300910
349	720721923881	3.8662	301118
47	720802815646	3.17045	304353
342	720802814355	3.08843	305644
47	720883444999	1.51783	305000
342	720883445001	2.0396	304998
343	720995545538	2.02109	304462
46	720995546435	2.19415	303565
46	720996247310	9.5843	297689
343	720996248195	2.70527	306804
349	720999953043	4.1409	301957
35	720999953260	5.68304	301740
46	721098714260	2.34737	305740
343	721098715089	2.01234	304911
46	721160722896	1.59513	302104
343	721160722505	2.5813	307495
47	721342736332	3.29193	303667
342	721342748630	1.13596	306370
341	721365830229	1.37429	304770
343	721365827280	22.3055	297720
46	721365833502	1.60584	306497
343	721373872493	10.3155	302506
46	721373877214	1.78903	302785
349	721377053562	4.56561	301437
35	721377054474	4.02052	305526
342	721442064971	2.49908	305029
47	721442063606	10.3609	301394
47	721454983100	1.52658	301900
342	721454999651	1.52619	305349
35	721585234748	3.96556	300251
349	721585245977	1.06779	304022
349	721773378500	3.14973	301500
35	721773378269	5.30593	301731
349	721796953222	13.3857	301777
35	721796960133	1.95277	304867
46	721889584928	2.47823	305072
343	721889582661	6.18764	302338
349	721920378883	3.08117	301117
35	721920382266	1.10257	302733
343	722004001199	2.68555	303800
46	722004000712	3.37273	299287
47	722074909384	1.8899	305616
342	722074921500	1.17775	303499
343	722143970663	6.31469	299336
46	722143979514	0.84058	305485
35	722164615324	2.20463	304675
349	722164625889	1.47757	304110
35	722233616149	1.52485	303851
349	722233628940	1.45118	306059
35	722244001366	3.48122	298633
349	722244013202	1.24536	306797
349	722502973376	6.40964	301624
35	722502975512	2.92537	304488
343	722610320978	4.03505	304022
46	722610325881	1.33321	304119
35	723072455976	1.90406	304024
349	723072460618	1.21069	304381
35	723096604050	1.72925	305949
349	723096609623	1.36963	305377
35	723195899726	3.59432	300273
349	723195899347	3.1899	305652
343	723337071766	7.37289	303234
46	723337071383	21.9904	298616
342	723414260916	3.63615	304084
349	723414260979	2.65007	304020
35	723414269516	1.02533	305483
47	723426787691	1.72887	302308
35	723426788683	2.65993	301316
349	723426789527	2.37174	305473
342	723426795673	1.70789	304327
35	723489335271	10.4572	299728
349	723489335958	3.13592	304041
47	723509888165	3.58156	301835
342	723509887293	7.02353	302706
46	723635662917	2.369	302082
343	723635662623	5.91006	302377
349	723690623536	1.85745	306464
35	723690637297	1.08269	302703
343	723786401554	3.69764	303446
46	723786401135	5.43029	303865
47	723975794175	3.56825	300825
342	723975792480	7.52273	302520
343	724288870938	2.3264	304062
46	724288879112	1.16515	305888
46	724404358145	3.12773	301854
343	724404360440	1.61832	304560
35	724423357754	5.1235	302245
349	724423357757	4.62033	302242
35	724816947781	3.81986	302218
349	724816945716	5.36466	304284
342	724888029589	2.89433	305410
35	724888030092	4.11211	299907
349	724888029439	3.42117	305561
47	724888029520	4.13299	300479
47	724988682302	5.76242	302697
342	724988683153	3.67707	301847
343	725076826424	1.81434	303575
46	725076829324	2.13264	305676
46	725202727630	11.9453	297370
343	725202728672	2.8715	301328
47	725314623281	4.92815	301718
342	725314630281	1.46804	304718
47	725347850453	6.49416	299546
342	725347849447	4.10746	300552
342	725373113663	5.38364	301337
47	725373119175	1.9553	305825
46	725474487864	6.98879	302135
343	725474491621	2.23823	303379
35	725578540664	8.23225	299335
349	725578544321	1.90847	305679
46	725794040671	7.55644	299328
343	725794039801	10.5896	300198
342	725879418139	7.67591	301861
47	725879418134	15.741	301865
35	725879434485	1.40858	305514
35	726027749255	5.65735	300744
349	726027748526	3.43372	306473
35	726059335992	15.0092	299007
349	726059343012	1.42991	306987
35	726226897885	3.67282	302115
349	726226894859	19.8662	300140
342	726226901106	1.79162	303893
342	726235596470	3.26878	303530
47	726235595743	7.78341	299256
46	726235611306	1.26478	303693
343	726240088884	6.71068	301116
46	726240096642	1.48653	303357
47	726275751397	4.73909	303602
342	726275765826	1.06659	304174
47	726280299499	8.35313	300500
342	726280300186	4.08248	299814
47	726315256490	1.48949	303510
342	726315269195	1.41037	305804
342	726332101279	6.79829	303720
47	726332101769	5.12093	298230
47	726349761657	1.72347	303343
349	726349757806	3.02841	302193
35	726349758322	5.23724	301678
342	726372464774	3.71016	305226
47	726372475468	1.19543	304532
47	726405182397	5.57545	302602
342	726405182696	3.52079	302303
47	726502938517	8.65003	301482
342	726502942739	2.07774	307260
342	726712509078	6.87745	300922
47	726712514549	1.02031	305450
349	726848695542	2.41249	304457
35	726848693605	2.36724	306395
35	727041319993	2.35136	305007
349	727041325267	1.2476	304733
35	727045929543	4.83778	300457
349	727045934398	2.02897	305602
35	727374033696	6.06576	301303
349	727374033643	3.74261	306357
46	727385554304	2.54592	305696
343	727385558142	1.54798	306858
46	727389503358	4.81762	301641
343	727389504820	2.10518	305179
47	727394533258	12.3161	301742
342	727394532835	7.61509	302165
35	727420706281	7.64258	298719
349	727420706483	2.5408	303517
47	727449191113	11.1517	298887
342	727449191994	2.50993	303005
45	727449194530	2.01274	305470
35	727449210355	0.694992	304644
47	727748885063	2.23059	304937
349	727748883172	2.30117	306828
342	727748887822	2.31113	307178
35	727748890508	1.58715	304492
342	727853023373	2.73787	301627
47	727853033258	1.45158	306742
46	727857675576	4.03474	304424
343	727857681495	1.5183	303504
35	727966639679	2.07913	305321
349	727966639621	1.52929	305378
46	727983573776	8.77595	301224
343	727983574803	3.40538	300196
35	727991436904	6.63103	298096
349	727991441605	2.3638	303394
47	727991438251	2.27925	306749
46	728105630512	3.90003	299488
343	728105629740	4.66591	305259
343	728250718216	4.72771	301784
46	728250719045	3.38504	300954
343	728284386014	1.64915	303985
46	728284389272	1.19986	305728
46	728344125059	13.8577	299941
343	728344125617	3.18669	304382
47	728387411129	3.17492	303871
342	728387416427	2.32587	303573
342	728402114746	9.18983	300254
47	728402121493	1.48747	303507
349	728539745716	15.7936	299284
35	728539750263	1.97144	304736
342	728539749488	1.07593	305512
361	728539757411	1.1005	302589
47	728546372497	8.45377	297503
342	728546382852	1.61136	307147
47	728673672076	4.66624	302923
342	728673675890	1.77566	304109
47	728723569400	2.81845	305600
342	728723567741	19.6562	302259
35	728911561328	7.42103	298672
349	728911568023	2.27045	306977
35	729148648652	2.21815	301347
349	729148647368	4.70206	302631
46	729164777547	6.24804	302453
343	729164777899	2.10806	302100
46	729208607885	1.92009	302114
343	729208605602	3.43805	304397
342	729355186432	15.748	298567
47	729355188042	5.80054	301958
46	729382564683	1.83818	305316
343	729382565856	1.93657	304144
46	729389875488	10.3673	299511
343	729389877791	1.70709	307209
47	729407016295	9.04058	298704
342	729407017932	3.39787	302068
47	729517747400	3.09636	302599
342	729517761088	1.79086	303911
343	729626743311	1.65658	306688
46	729626743406	2.48482	306593
35	729666791822	11.2169	298177
349	729666792635	4.5433	302364
343	729760362961	3.50311	302039
46	729760363368	5.41525	301631
35	729825605813	4.20451	299187
349	729825619675	1.34131	305324
349	729888076305	1.56033	303694
35	729888073940	1.34204	306059
47	729955020357	2.70097	304643
342	729955029170	1.66488	305830
343	730088013658	8.53371	301341
46	730088021128	1.12324	303872
349	730101592819	5.0581	302181
35	730101594543	4.17405	300457
343	730472618832	14.0855	301167
46	730472621849	2.26377	303150
47	730551079659	4.07716	300340
342	730551077640	14.2206	302360
349	730559396076	2.73091	303923
35	730559394408	12.843	300592
47	730713479744	6.352	300256
342	730713477806	22.4779	302194
47	730726778323	4.71446	301677
342	730726777822	4.72877	302178
349	730831369039	17.5565	300960
35	730831370638	6.91307	299362
349	730984253172	2.08867	306828
35	730984255660	1.61536	304339
349	730989906575	1.93508	303425
35	730989919001	1.09444	305999
343	731145508216	4.01849	301783
46	731145509802	3.20036	305197
46	731316446276	1.71574	303724
343	731316443047	6.95982	301953
47	731403498258	2.26509	306742
342	731403513203	1.21369	306796
342	731430816565	3.52403	303434
47	731430818851	2.09608	306149
46	731432865155	3.49276	304845
343	731432862453	20.6031	302546
35	731469880010	4.24633	299989
349	731469878951	3.79155	301048
35	731484197056	2.3289	302943
349	731484195184	4.05459	304816
47	731501924449	3.72369	300551
342	731501923788	5.64778	301211
342	731533805789	12.1914	299211
47	731533806998	5.7795	298001
35	732037003260	3.894	301740
349	732037003860	2.70903	301140
46	732077836274	25.1491	298725
343	732077837061	5.42658	302938
46	732467955187	1.70574	304813
343	732467954009	1.798	305990
47	732559615549	8.97709	299451
342	732559628758	1.58173	306242
349	732568034976	4.72504	300024
35	732568035638	2.77585	304362
349	732598809973	4.52633	300027
35	732598809831	6.90264	300168
47	732622084335	2.98705	300664
342	732622083078	10.3565	301922
35	732932067571	15.8068	297428
349	732932069111	2.92855	305889
33	732932072675	1.32457	307324
47	732936659288	24.6839	300711
342	732936659780	5.34605	300220
35	732936662026	1.27033	302974
45	732936666311	2.16961	303688
343	732942745984	10.129	299016
46	732942748726	2.0997	306274
47	733062382915	4.01772	302084
342	733062382090	5.12439	302910
35	733112207246	4.58606	302754
349	733112205748	6.88912	299251
35	733115422236	4.12583	302764
349	733115422256	3.96861	302744
46	733162179324	4.70843	300676
343	733162178979	3.72085	301021
46	733369968455	2.47995	306545
343	733369967358	3.38074	302642
46	733530515680	4.72021	299320
343	733530513979	9.99465	301020
46	733650559292	6.5087	300708
343	733650561956	1.6002	303043
47	733657749166	8.98719	300834
342	733657763628	1.09278	306371
46	733658812832	2.24629	302167
343	733658812488	2.70547	302512
47	733720640628	4.47456	299371
342	733720638408	10.2343	301591
46	733840870635	5.49184	299365
343	733840872151	3.72817	302849
35	733884598425	4.3925	301575
349	733884599763	2.41994	305236
349	733999723437	8.35671	301563
35	733999734709	1.21758	305290
47	734076576264	3.70385	303735
342	734076578203	2.622	306796
343	734290665406	4.22404	299594
46	734290670341	1.45113	304659
35	734319504286	4.10093	300714
349	734319504030	2.83339	300970
35	734413596023	10.1124	298977
349	734413597448	3.16895	302552
46	734989990785	2.8729	304214
343	734989987297	8.48904	302703
47	735033726696	4.89126	298303
342	735033726171	4.16082	303828
46	735035142166	3.45372	302834
343	735035145440	1.84758	304560
349	735054946483	18.1357	298516
35	735054948871	3.13028	301128
361	735054959193	0.90757	305806
342	735054959364	1.67911	305635
349	735112520470	2.45834	304530
35	735112519966	2.8186	305034
35	735135009181	2.82642	300819
349	735135010569	1.98618	304431
35	735140600220	6.07521	299779
349	735140601128	3.73879	303872
47	735242187345	5.04797	302655
342	735242190374	1.64627	304626
46	735242194610	1.07816	305390
343	735286829646	8.03352	300353
46	735286834208	2.29733	305792
46	735433114514	5.42083	300485
343	735433116064	1.88583	303936
46	735537710872	6.56361	299128
343	735537710154	10.0014	299846
342	735578531500	3.50932	303499
47	735578530486	10.5355	299513
35	735701824848	4.50289	300151
349	735701824295	4.44412	300705
46	735856019000	12.7303	300999
343	735856020345	2.99083	304655
47	735901872108	5.93038	302892
342	735901871535	3.51673	303465
46	735956174045	2.71544	300954
343	735956172875	5.49469	302125
343	735958164547	2.35479	305452
46	735958168054	1.06845	301945
46	736167481626	6.38185	298374
343	736167481926	4.60998	303074
343	736179139265	8.88358	300734
46	736179140392	6.01225	299607
47	736221439094	19.2597	300906
342	736221440673	3.34553	304327
35	736221443272	1.60068	306727
45	736221443647	1.92783	306352
343	736267911233	1.77517	303766
46	736267923455	1.58141	306545
47	736294600804	2.08775	304195
342	736294598853	4.94836	301146
349	736498324527	3.0111	305473
35	736498324626	5.72032	300373
47	736574319744	1.87589	305256
342	736574326466	1.42593	303533
343	736587875695	3.75898	304304
46	736587875859	5.31115	299141
46	736675000881	4.34232	299119
343	736674999706	4.72702	300294
342	736725758524	5.58475	301476
47	736725758431	4.0339	301569
46	736782247821	2.79805	302178
343	736782246420	6.75404	298579
349	737131769797	1.77459	305203
35	737131781914	1.43781	303085
47	738005652237	1.43524	302762
342	738005654459	1.69843	305540
46	738023027276	2.50173	302724
343	738023025568	4.36292	304431
343	738053554980	2.83156	305019
46	738053554077	6.09232	300922
343	738342669057	11.2545	305942
46	738342686117	1.23928	303883
343	738555776209	2.85946	303791
46	738555775309	4.45585	299690
343	738629974959	15.8361	300040
46	738629979464	2.3513	305536
342	738650263047	3.82686	301952
47	738650263042	4.57009	301958
349	738683965182	5.83138	299818
35	738683977934	1.20967	302066
35	738696751118	3.82919	298881
349	738696759321	1.48343	305679
46	738784131403	5.20459	298597
343	738784131033	4.42942	303966
349	738803952990	1.46768	307009
35	738803964888	1.25204	305111
349	738817603969	7.29557	301031
35	738817618505	1.40502	306495
46	738865334560	14.7591	300440
343	738865336676	2.31614	303323
343	739012080747	7.69792	299252
46	739012084460	1.12604	305540
349	739014492880	3.14919	302120
35	739014504618	1.41355	305382
46	739147892392	11.5634	297608
343	739147897327	1.76199	302672
47	739181077288	20.3579	297711
342	739181078533	3.00246	301467
35	739181079909	1.4923	305091
45	739181081723	1.66511	303276
349	739348127281	7.30331	302719
35	739348137185	1.06467	302815
343	739406746175	15.3427	298825
341	739406758530	1.23185	306470
365	739406760070	1.53788	304930
46	739406758887	1.34346	306112
35	739409481904	4.95379	303096
349	739409480214	6.12693	299785
35	739506144364	1.77801	300636
349	739506145418	2.1166	304581
46	739551599428	1.34789	305571
343	739551600566	1.6446	304434
35	739604150857	3.19397	304142
349	739604149050	17.8639	300950
361	739604158051	0.968475	306948
342	739604165632	0.840542	304367
35	739710956843	4.0786	303157
349	739710955363	5.59039	304637
47	739796013346	5.97021	301653
342	739796012449	4.6454	302550
349	739901575439	2.02527	304560
35	739901580599	1.60311	304400
35	739939857026	5.68489	302974
349	739939865985	1.86005	304015
46	739982656594	15.3159	298406
343	739982657749	2.91848	302251
342	740125613246	5.27748	301753
47	740125613541	8.07218	301459
36	740150721553	1.14162	303447
35	740150718139	9.77162	301861
349	740150724993	1.515	305007
343	740439909357	1.38707	305643
46	740439914196	1.22031	305803
47	740472221554	1.91322	303445
342	740472231500	1.40936	303499
350	740473970645	1.38882	299355
342	740473971402	18.7761	298598
364	740473982754	1.20194	302245
47	740473983649	1.65487	306350
35	740603610516	2.75534	304484
349	740603613172	2.51311	306828
343	740620268111	3.93774	301888
46	740620268215	7.16971	301785
47	740649906147	11.157	298852
342	740649906557	7.87577	298443
46	740795630404	1.90808	304595
343	740795627262	6.15056	302737
349	740908981183	3.88179	303816
35	740908981945	2.75396	303055
35	741042293879	4.92918	301121
349	741042293557	4.86771	301443
46	741505775785	2.8729	304214
343	741505783342	1.88055	306658
349	741520061961	2.32896	303038
35	741520064770	2.53777	305229
47	741597883690	2.0626	306309
342	741597899993	1.10375	305007
343	741665675442	2.23851	304557
46	741665678183	1.64678	306817
46	742038876115	1.44651	303885
343	742038872333	1.44546	302667
35	742220472873	6.27833	302127
349	742220472022	9.1449	302977
349	742228985773	2.60648	304226
35	742229000725	1.22589	304274
343	742448222126	4.7402	302874
46	742448223560	3.65822	301440
343	742564163672	3.8014	301328
46	742564163631	6.56686	301368
35	742712748906	6.56255	301094
349	742712748993	2.9043	306007
46	742762862438	1.61336	302561
343	742762866575	1.52437	303425
47	742799966554	1.70939	303445
35	742799966704	4.02831	303295
349	742799966095	2.79621	303904
342	742799975322	1.40502	304678
35	742804098657	12.904	301342
349	742804099207	5.36104	305792
35	742823288879	1.50632	306121
349	742823289976	1.17743	305024
47	742900918971	2.81869	306028
342	742900917581	6.17856	302419
46	742918007909	1.95911	302090
343	742918002293	17.0132	297707
47	743226581851	4.83111	303148
342	743226584232	2.42339	305767
35	743355552818	2.92602	302181
349	743355550859	17.9332	299141
342	743355563758	1.32442	306242
47	743436834810	4.39752	300189
342	743436833916	4.06678	301084
349	743646621991	5.21299	303009
35	743646622063	6.80643	302937
46	743916982073	7.60464	297927
343	743916981420	7.45024	298579
342	743960561466	9.55455	298533
47	743960562738	5.53959	302261
343	743962105152	1.94522	304847
46	743962115321	1.30095	304679
47	744053308647	2.93717	301353
342	744053309267	1.49679	305733
349	744090436183	2.38779	303816
35	744090444962	1.044	305037
349	744101848108	11.515	301891
35	744101849241	7.02891	300758
46	744290517547	1.96571	302453
343	744290513176	5.35586	301823
47	744342623454	7.94092	301545
342	744342638312	1.26021	306688
342	744404316557	5.19207	303443
47	744404330434	1.18581	304566
349	744436729945	3.07911	305054
35	744436731489	2.50718	303511
343	744531249546	1.82563	305454
46	744531251753	1.58741	303247
343	744605985812	5.62195	299188
46	744605987917	2.81844	302082
35	744634404543	7.54645	300457
349	744634402609	21.8477	302391
47	744715077730	1.44227	302269
342	744715072952	6.19147	302048
47	744892357933	1.0849	302067
342	744892360349	2.1324	304651
47	745016207462	1.88879	302537
342	745016202822	2.37094	302178
349	745059976431	3.23174	303568
35	745059974272	20.2074	300727
33	745059979281	1.25458	305718
35	745264551236	1.76068	303763
349	745264555618	1.84841	304381
35	745330544604	12.0191	300395
349	745330545897	3.76765	304102
343	745341914404	4.64192	300595
46	745341915264	4.18497	299735
342	745367466088	9.45821	298911
47	745367470421	1.6869	304578
46	745473135722	2.41408	304278
343	745473134391	6.82428	300609
342	745568450183	3.49078	304816
47	745568450209	3.57032	299791
343	745885541300	1.94372	303699
46	745885539524	1.58972	305476
47	746027222561	3.13963	302438
342	746027225035	2.04528	304964
343	746066708311	15.028	301688
46	746066713262	1.99343	306738
342	746433916814	10.8323	303186
47	746433918390	5.26019	301610
47	746588951242	1.55172	303757
342	746588951904	1.953	303096
35	746699260241	4.98235	299759
349	746699259111	6.06347	300889
45	746878251427	5.09412	303572
47	746878250983	12.1587	299017
35	746878254809	1.01234	305190
36	746878254577	0.929996	305422
342	746878265088	2.05849	304912
35	747098463832	3.35061	301168
349	747098467788	2.13239	307212
46	747098476817	1.14666	303182
349	747121004623	1.79866	305377
35	747121008718	1.22667	306281
47	747202534015	4.55871	300985
342	747202548589	1.52371	306411
47	747368354519	5.89755	300481
342	747368354426	3.64972	300574
35	747484666023	8.49333	298977
349	747484665630	7.93562	299370
349	747600036365	3.37835	303634
47	747600036329	4.95224	303670
342	747600034650	13.6195	300349
46	747600918822	16.3285	301178
343	747600919771	3.0385	305229
46	747734571103	10.7435	298897
343	747734572548	2.27192	302451
349	747797276895	4.96252	303105
35	747797278154	3.89661	301845
46	747825840639	1.36291	304360
343	747825842760	1.70395	307239
342	747862705790	3.14051	304210
47	747862704270	8.92809	300729
343	747902601510	4.29525	303490
46	747902602885	3.93473	302114
349	747915725233	24.356	299766
35	747915728199	2.78278	301801
342	747915730352	1.87671	304647
35	748022085603	2.06628	304396
349	748022084976	2.66278	305024
35	748051388181	6.41671	301818
349	748051403813	1.3817	306186
349	748231099444	9.1986	300556
35	748231109172	1.31985	305827
47	748251381005	4.24041	298994
342	748251380257	4.4971	299743
47	748267585549	6.10453	299451
342	748267584746	7.99681	300254
35	748336323330	6.44704	301670
349	748336323012	7.76948	301987
35	748497974779	1.4392	305221
349	748497979207	1.93013	305792
47	748890441913	1.36938	303087
342	748890449173	1.63986	305826
342	748934253663	1.79453	306337
47	748934258424	1.20464	306576
35	748940498269	2.3043	306731
349	748940510094	1.19834	304905
35	749052355721	6.61458	299278
349	749052356095	2.5807	303904
46	749078527705	7.64043	302294
343	749078528397	3.29554	301602
342	749278395567	2.22333	304432
47	749278398033	1.59178	301967
47	749294326857	8.20919	298143
342	749294326522	9.08385	298477
35	749312717629	3.56996	302371
349	749312716422	5.72101	303578
35	749371546430	11.1384	298570
349	749371546660	4.18967	303340
47	749372494967	7.12015	300032
342	749372495608	2.39379	304392
46	749384584205	1.52221	305795
343	749384589134	1.50774	305866
47	749427224420	2.01413	305580
342	749427229075	1.17918	305925
47	749488912011	2.40612	302988
342	749488909995	14.7831	300004
342	749561633333	4.35814	301666
47	749561634629	4.27472	300371
342	749593574395	2.85384	305605
47	749593573445	17.6506	301554
45	749593581896	1.44089	303103
35	749593583361	1.01152	306639
46	749596370531	4.27953	299468
343	749596369807	4.34711	300193
349	749616439618	2.1797	305381
35	749616447154	1.05801	302845
35	749672877175	1.05818	302825
349	749672874726	2.09195	305274
46	749834994514	7.55087	300486
343	749834994868	3.11264	305132
349	749849115595	5.07747	299405
35	749849116765	4.04023	303234
342	750038195790	2.43204	304210
47	750038205758	1.45579	304242
343	750085063863	4.30221	301137
46	750085072502	1.39949	302498
349	750145121930	4.12967	303070
35	750145129557	1.18666	305443
47	750182415774	1.46936	304226
342	750182415734	1.51174	304266
342	750204776266	4.48169	303734
47	750204781657	1.92839	303343
35	750325899465	4.80114	300534
349	750325898726	3.42529	301274
46	750368320671	28.1994	299328
343	750368322021	4.39932	302978
44	750368334129	0.803642	305870
30	750368333229	0.538063	306771
35	750498741629	3.59181	303370
349	750498743051	2.12497	306948
47	750540846397	5.73811	298602
342	750540849076	2.15952	305924
47	750837426804	1.67559	303196
342	750837425217	5.27293	299783
35	750914826275	1.59437	303725
349	750914835952	1.37261	304047
342	750935261023	8.47605	298976
47	750935265857	2.4977	304142
343	751020798035	2.976	301965
46	751020805703	1.1566	304297
343	751357555266	2.88686	304733
46	751357558981	1.47733	306018
35	751454943547	5.0891	301453
349	751454953021	1.47643	306979
349	751525871277	5.26122	303723
47	751525875489	1.28374	304510
342	751525875595	1.92484	304404
35	751525879364	1.42839	305636
343	751562253302	2.81124	301697
46	751562266547	1.24701	303453
47	751655511739	9.0075	298261
342	751655513438	3.21788	301562
35	751665455809	5.9631	299191
349	751665460947	1.91574	304053
342	751718167394	1.58706	307606
47	751718168616	1.32096	306383
343	752112727505	7.09079	302495
46	752112734705	1.09937	305294
342	752113416648	8.13924	298351
47	752113418841	2.38653	306158
35	752130091580	1.00496	303419
349	752130087550	1.53885	307450
35	752441288696	10.4311	301303
349	752441291185	2.90353	303814
342	752471532341	8.24752	302658
47	752471533107	11.3789	301893
349	752493531960	3.07132	303039
35	752493543107	1.46614	301893
47	752576786609	3.06699	303390
342	752576786402	3.27752	303598
35	752674783547	3.09242	301453
349	752674783108	2.56334	306891
343	752682209708	3.08114	305292
46	752682209432	6.50109	300568
35	752789928801	1.90564	306198
349	752789929290	2.32853	305709
35	752827997602	2.22352	302398
349	752827996603	2.47138	303397
46	752852493432	3.40316	301567
343	752852495538	2.02109	304462
349	753026491842	3.68971	303158
35	753026492486	7.20338	297513
46	753146592561	2.78609	302438
343	753146594217	1.98431	305782
343	753151879517	3.27591	305483
46	753151879237	10.6886	300763
46	753174085488	3.4505	304511
343	753174088948	1.54929	306051
35	753671092217	1.13321	302782
349	753671092905	1.39864	307095
342	753729230472	6.03591	299527
47	753729229875	21.681	300124
35	753729241643	0.956196	303356
343	753795963598	6.41924	301402
46	753795964237	2.97606	300763
46	753808857310	3.5954	302689
343	753808856172	4.78639	303827
35	753912889726	3.98956	300274
349	753912889474	4.26433	300525
35	753998366672	5.76188	298328
349	753998366483	4.02747	303517
342	754049939679	1.81178	305321
47	754049938582	2.74501	306418
342	754158173853	1.57634	306147
47	754158174609	1.52302	305391
46	754261111913	3.17144	303086
343	754261113493	3.5494	301507
47	754309561592	3.75315	303408
342	754309574167	1.24639	305832
343	754399990818	3.53574	304182
46	754399994240	2.30911	305760
35	754481366328	13.9152	298672
349	754481367937	2.73942	302063
35	754563311934	3.65113	303065
349	754563309978	5.65508	300022
46	754611135264	2.73146	304735
343	754611133165	9.74597	301835
46	754631491402	2.17816	303597
343	754631490532	2.54902	304468
47	754661057595	2.5224	302405
342	754661056708	3.15402	303291
47	754705469690	3.87794	300310
342	754705468779	3.97305	301220
47	754777365746	9.55203	299254
342	754777368883	1.58319	306116
342	754920738153	4.85918	301847
47	754920744425	1.8894	305575
349	755034620507	1.93262	304493
35	755034631552	1.14977	303448
35	755291644408	4.56993	300592
349	755291643844	5.15514	301156
342	755298738122	3.43644	301877
47	755298738227	5.10408	301772
35	755378915691	4.15283	299309
349	755378916484	2.44759	303515
35	755650476511	4.01163	303489
349	755650477368	2.13551	302631
342	755721959100	4.27414	300900
47	755721960239	2.78455	304760
343	755731773914	1.76226	306085
46	755731790667	1.35783	304333
35	755829904648	3.17577	305351
349	755829916544	1.29014	303455
46	755872496466	3.3065	303533
343	755872500120	2.00468	304880
349	755878128951	1.30263	306048
35	755878145294	0.894573	304706
35	755915106751	1.645	303248
349	755915120184	1.48346	304816
47	756155806548	16.2179	298451
45	756155809616	2.73184	300384
35	756155814748	1.43292	305251
342	756155813662	1.77152	306337
35	756174834638	3.57283	300361
349	756174837872	1.23429	307128
349	756281475923	1.16861	304077
35	756281485962	1.46043	304038
46	756323958598	6.45497	301401
343	756323958558	3.56145	301442
343	756888094997	3.15601	305002
46	756888095087	9.40391	299913
35	756947020054	2.14915	304946
47	756947019166	25.0063	300834
342	756947020349	4.72168	304651
45	756947022195	2.24527	302805
45	756990832041	3.0449	302958
47	756990830563	19.3893	299436
342	756990832455	2.53862	307545
35	756990833455	1.34163	301544
343	757019194994	3.6065	305006
46	757019194610	8.48674	300390
35	757149386613	3.12392	303387
349	757149385039	3.59543	304961
35	757154872846	7.40387	302154
349	757154871540	15.529	298460
343	757217904313	4.1628	300687
46	757217909144	1.62187	305856
35	757278791672	1.88988	303328
349	757278790321	6.20124	299679
35	757289972578	1.78589	302422
349	757289978883	1.43571	306117
47	757486471193	2.36864	303806
342	757486468628	10.6848	301372
46	757511668406	5.28303	301593
343	757511673748	1.89927	306251
46	757570923133	6.58835	301866
343	757570925120	1.7719	304880
342	757657352852	5.45151	302147
47	757657353735	4.19839	301264
47	757671859164	5.21504	300836
342	757671858822	3.50377	301177
46	757960299129	3.61428	300871
343	757960298373	2.42437	301627
342	758017227111	3.1624	302889
47	758017235104	1.8209	304896
35	758301684001	1.13659	305998
349	758301686633	1.83884	303366
343	758389615045	3.07274	304954
46	758389617610	2.20061	302389
343	758395007709	1.98666	307291
46	758395009240	2.07952	305760
47	758538952769	4.72808	302231
342	758538960214	1.84856	304786
35	758691270398	9.15175	299602
349	758691272490	1.43533	307509
342	758708556994	3.21387	303005
47	758708555780	7.28474	299220
47	758834155169	7.74951	299831
342	758834163788	1.56345	306211
35	758834174508	0.955177	305491
47	758851148656	10.2471	301344
342	758851150509	2.63188	304491
46	758890647276	12.8127	297724
343	758890647037	6.29366	302963
46	758921003630	5.10022	301370
343	758921007844	1.47567	307155
47	758973106428	3.51676	303572
342	758973105309	3.98909	304690
35	759217990206	1.96086	304793
349	759217992405	1.93267	307595
46	759262137928	1.38014	302072
343	759262136104	1.73365	303896
46	759329938311	6.95809	301689
343	759329941870	1.67042	303129
46	759450672054	5.15683	302945
343	759450671289	5.64253	303711
349	759625554912	6.01077	300088
35	759625556763	2.78355	303236
343	759659815854	1.85306	304145
46	759659813968	2.13058	306031
47	759705904499	1.2056	305500
342	759705908372	1.71487	306627
47	759850411998	3.14562	303001
342	759850410533	6.24905	304466
47	759853696332	2.47234	303667
342	759853702441	2.23454	307559
35	759955405072	8.09141	299928
349	759955406065	3.21258	303935
343	760000543290	13.2768	301709
46	760000562086	1.13078	302914
46	760049667769	25.3571	297231
343	760049668979	4.17168	301020
30	760049683132	0.289917	306867
47	760095276769	4.91423	298230
342	760095291235	1.65754	303764
47	760117502851	3.18709	302149
342	760117509832	2.2431	305167
342	760127811184	2.27729	303816
47	760127809530	9.38799	300470
349	760181706462	1.73996	303538
35	760181709648	1.85696	305351
47	760393276397	5.76383	303602
342	760393275183	7.36035	299816
343	760616076609	5.0111	303390
46	760616080955	1.85913	304045
35	760635929848	3.79145	300152
349	760635928131	7.79049	301869
47	760655711064	3.15872	303936
342	760655720884	1.58807	304115
342	760665926076	3.19798	303924
47	760665925943	5.64598	299056
343	760722249868	4.52533	305132
46	760722250257	4.74703	299742
46	760725587342	9.59074	297657
343	760725595888	1.62767	304111
46	760739778294	1.32821	306706
343	760739781640	1.5379	303360
35	761309982507	9.21561	302493
349	761309982864	6.45546	302136
35	761315320092	3.88898	299907
349	761315324905	1.70603	305094
46	761364573984	13.4987	301016
343	761364583767	1.42657	306232
46	761373871498	9.7819	298501
343	761373871867	5.61086	303133
35	761541996629	2.93004	303370
349	761541994050	20.037	300950
342	761541997394	1.3544	307606
35	761556294120	6.83386	300880
349	761556303444	1.20192	306555
46	761596315904	2.19236	304096
343	761596312810	15.7686	302190
343	761644736485	3.67177	303514
46	761644741179	1.23832	303821
46	761763763567	4.74595	301432
343	761763769324	1.54849	305675
46	762161692137	4.79879	302863
343	762161692398	3.08147	302602
35	762187546450	4.00089	303550
349	762187544912	7.07748	300088
342	762239884900	3.32353	300100
47	762239884449	5.98814	300551
35	762299405281	11.3764	299718
349	762299405363	8.95541	299637
47	762313400329	3.70484	304670
342	762313400482	5.20041	304518
343	762367849996	18.6991	300004
46	762367853150	2.42038	301849
349	762421329547	6.04607	300453
35	762421330913	3.26619	304087
342	762629801344	2.7747	303656
47	762629804261	1.65215	305739
343	762725907835	1.54555	307165
46	762725910123	1.47153	304877
343	762798156836	6.30981	303163
46	762798163305	1.48755	306695
343	762832303462	11.7397	301537
46	762832305448	5.24305	299551
349	762846611837	1.75778	303162
35	762846609962	2.1301	305037
35	762866932480	29.0614	297520
36	762866936908	1.21275	303092
349	762866933577	5.10458	301423
33	762866934961	2.70633	305039
342	762935355318	2.59286	304681
47	762935360304	1.56884	304696
46	763108236562	10.2406	298438
343	763108244582	1.44601	305418
349	763172089290	2.32853	305709
35	763172088577	14.3336	301422
33	763172100193	0.983307	304806
47	763205435653	1.72808	304346
342	763205448693	1.07991	306307
349	763240268177	7.27059	301822
35	763240272549	2.06832	302450
349	763300051549	6.47209	303450
35	763300053591	3.52229	301408
47	763443946804	4.94354	303196
342	763443944512	17.1639	300488
342	763446840928	4.57782	304071
47	763446843452	1.89804	306547
46	763635319683	1.39796	305316
343	763635319837	1.49639	305162
46	763640998150	4.44004	301849
343	763640999134	2.4396	305866
349	763819976811	2.61656	303188
35	763819980241	2.21334	304759
47	764020023152	4.08121	301848
342	764020028473	1.33649	306526
342	764447197502	9.50278	302498
47	764447200549	2.85363	304451
47	764450619002	5.87085	300998
342	764450618788	5.3877	301211
35	764486505721	4.26849	304278
349	764486504915	8.98354	300085
349	764622664249	2.85295	305750
35	764622677610	1.21105	302389
35	764649285766	5.28809	299234
349	764649285184	5.05269	299816
349	764699614678	3.45219	305321
35	764699613200	7.70695	301800
349	764706452658	4.48989	302342
35	764706462842	1.43445	302157
343	764790070968	7.04712	299031
46	764790070411	29.9042	299589
30	764790081711	0.249119	303289
349	764951223736	7.89069	301263
35	764951225324	2.20463	304675
342	765108205565	2.3877	304435
47	765108204780	2.77658	305220
343	765144581802	2.10814	303198
46	765144580023	10.7669	299976
349	765183305922	6.40771	299078
35	765183307056	5.20969	302943
47	765329491354	2.40168	303646
35	765329490281	17.7505	299718
349	765329491519	3.03591	303481
33	765329494457	1.48786	305543
342	765733136647	2.20656	303352
35	765733136568	3.55292	303431
349	765733134591	25.146	300409
47	765853927925	4.75389	302075
342	765853939685	1.51066	305315
342	765860140093	5.19471	299906
47	765860141070	3.04657	303930
342	765866972741	2.36025	307259
47	765866985934	1.09555	304066
349	765872613498	1.78413	306502
35	765872621369	1.54832	303631
342	765896846331	19.5644	298668
47	765896848292	2.86634	301708
343	766040120854	2.78801	304145
46	766040132725	1.22393	302274
349	766293379023	1.84727	305976
35	766293384295	1.99719	305705
46	766330939386	15.7974	300614
343	766330939469	6.5148	300530
47	766341806749	2.77306	303251
342	766341804715	9.44971	300284
35	766344505874	5.32825	299126
349	766344513623	1.02544	306376
47	766512178387	11.3071	301612
342	766512179577	3.13298	305423
47	766575043656	6.95267	301344
342	766575055993	1.53867	304007
35	766591606538	3.9881	303462
349	766591605179	5.20733	299821
342	766600869139	16.0411	300860
47	766600871589	2.74136	303411
35	766666835062	2.88036	304938
349	766666843673	1.39402	306326
47	766734649681	1.73393	305319
342	766734648203	3.0938	306796
349	766785580446	1.2818	304554
35	766785579596	5.9456	300404
46	766803061357	4.1117	303643
343	766803059677	10.1318	300322
47	766904698744	3.90198	301255
342	766904697484	4.91251	302516
35	766945446428	2.06186	303572
349	766945445096	5.03624	299904
342	766957021391	2.62091	303608
47	766957018063	12.6941	301936
343	766975021335	1.95195	303665
46	766975019464	4.15331	305536
47	767003226471	4.05218	303528
342	767003226778	3.33876	303222
342	767081235642	1.00676	304358
47	767081236135	1.4204	303865
343	767082131928	14.8093	298072
46	767082133337	4.28988	301663
35	767116020111	2.81665	304889
349	767116019439	2.57035	305561
47	767150822479	2.62884	302521
342	767150820860	7.46258	304140
47	767309583496	1.41275	306504
342	767309583970	1.60065	306029
46	767351065214	5.11504	299786
343	767351065120	3.3957	304880
349	767382059415	2.97353	305584
35	767382059438	4.12983	300561
343	767393296489	2.29179	303511
46	767393298278	1.56485	306721
343	767410651300	32.4452	298699
46	767410653631	4.53413	301368
341	767410655263	3.32032	299737
365	767410654337	2.39108	300662
342	767479541783	2.41918	303216
47	767479542803	2.07848	302196
35	767540222671	12.162	297328
349	767540229920	1.6446	305079
46	767648954364	11.4016	300635
343	767648956043	2.43322	303957
342	767690830894	18.4065	299106
47	767690833056	2.82977	301943
46	767713067023	6.70615	302977
343	767713070248	2.4333	304752
343	767730866354	7.35766	298646
46	767730868037	2.50075	301963
349	767944404557	1.95454	305442
35	767944403408	2.70598	306591
47	767958852116	1.92932	302884
342	767958856565	2.11856	303434
349	768011799119	2.33853	305880
35	768011808970	1.09045	306029
349	768019850239	4.13667	299760
35	768019861881	1.28517	303118
46	768056887838	7.90206	302161
47	768056888584	4.47964	301415
343	768056888004	6.21684	301995
342	768056888343	3.01118	301656
349	768088321663	5.99996	303337
35	768088321945	16.186	298055
35	768229570149	6.30727	299850
349	768229568734	16.6018	301265
349	768376232837	14.6027	302163
35	768376234718	4.18034	300282
46	768384845763	2.27024	304237
343	768384844200	5.14717	300799
46	768469120277	2.32595	304722
343	768469117314	14.8222	302685
35	768600286792	2.93861	303208
349	768600298202	1.24536	306797
349	768617998638	5.53904	301362
35	768618000054	3.47024	304946
47	768832240468	13.7165	299532
342	768832244958	1.79831	305041
45	768832249466	1.93697	305533
47	768973192159	13.0108	297841
342	768973193884	2.54032	306116
35	768973210263	0.675682	304736
46	769048097624	1.90684	302375
343	769048095888	2.55933	304111
47	769067124681	2.75868	305319
342	769067123313	7.76975	301687
47	769383887536	3.03289	302464
342	769383889013	2.07347	305986
46	769469195161	2.38429	304838
343	769469193788	2.97048	301211
342	769545663885	5.72123	301114
47	769545667704	2.46845	302295
47	769591892851	1.14641	302149
342	769591891141	3.68104	303859
46	769605247519	2.39747	302480
343	769605245854	5.59244	304145
342	769628097705	12.7314	302295
47	769628108915	1.70243	306084
343	769652821064	2.11418	303936
46	769652819546	3.63052	300453
349	769836858616	6.45724	301384
35	769836868683	1.2261	306316
47	770047464034	18.2243	300965
342	770047464832	7.04995	300167
342	770107413983	5.66344	301017
349	770107414905	2.98292	305094
47	770107427206	1.22065	302794
35	770107434194	1.11326	305805
343	770222238311	3.11642	301688
46	770222243936	1.23277	306063
343	770255541590	5.26798	303409
46	770255550245	1.42678	304754
46	770336660416	11.6071	299583
343	770336661193	4.46498	303806
342	770369505851	16.4151	299149
47	770369507544	4.68155	302456
349	770383942937	5.29673	302063
35	770383944757	4.04062	300243
35	770770992248	5.31883	302752
349	770770991931	3.60184	303069
349	770912221540	9.73351	298460
35	770912223139	3.20409	301861
343	771111320627	3.9641	304372
46	771111324112	1.83444	305888
349	771180604325	3.38025	300674
35	771180604709	4.07489	305290
35	771336361995	3.22318	303004
349	771336360003	7.52264	299996
343	771387399820	8.20962	300179
46	771387401212	4.49063	298787
47	771450202181	5.42432	302819
342	771450201657	3.79965	303342
46	771491926179	4.24639	298821
343	771491925409	4.63067	304590
349	771563623263	16.1613	301736
35	771563629932	1.90366	305068
342	771563629832	2.47652	305167
343	771590524660	1.60594	305340
46	771590534205	1.07947	305795
46	771608077310	1.58332	302689
343	771608073598	14.841	301402
35	771708904211	3.71492	300788
349	771708908921	1.29808	306079
46	772027647719	5.29077	302280
343	772027647726	2.92799	302273
343	772137729357	4.94268	300643
46	772137730104	3.4749	299895
349	772145095928	5.84825	299072
35	772145096491	10.22	298509
35	772280572144	5.48273	302855
349	772280583607	1.12889	306392
47	772526944940	1.37798	305060
342	772526947852	1.61136	307147
47	772534797665	4.90761	302334
342	772534798086	4.29851	301913
35	772553916175	8.29839	298824
349	772553926097	1.61106	303902
35	772576140058	1.30722	304942
349	772576140831	0.9384	304168
342	772681757996	5.54295	302003
47	772681758359	6.07659	301640
46	772901194546	2.25161	305454
343	772901195301	1.50368	304699
349	772911136632	2.79259	303367
35	772911142446	1.56946	302554
35	772956367549	4.04416	302450
349	772956368444	3.11859	306555
35	773050731904	1.67661	303096
349	773050733290	1.47232	306710
47	773207594499	3.63492	300500
342	773207598121	2.12948	306879
342	773260679746	4.41801	300254
47	773260680681	4.61347	304319
46	773484975923	3.64612	304077
343	773484975532	4.41272	304468
47	773563967657	8.10519	302343
342	773563967354	4.88713	302645
46	773627616657	1.79301	303342
343	773627618176	2.55081	301823
35	773640581179	1.96775	303820
349	773640591996	1.41806	303004
349	773641670476	1.90947	304524
35	773641668090	5.27229	301910
343	773795013121	4.46507	301879
46	773795013840	3.55604	301160
47	773858105113	1.73629	304886
342	773858112384	1.28246	307615
349	773995356603	7.954	298397
35	773995367337	1.74311	302662
47	774001140653	8.67108	299346
342	774001142280	2.49619	302719
35	774020302026	3.64188	302974
349	774020300332	6.79382	299667
349	774058384385	5.24439	300615
35	774058390027	1.73706	304972
47	774080081342	3.41415	303658
342	774080092480	1.76786	307520
47	774243132063	3.15285	302936
342	774243131391	3.32601	303608
343	774380310883	2.1577	304117
46	774380316703	1.23977	303296
343	774390337930	12.8315	302070
46	774390339257	3.09164	305742
343	774557955944	4.26166	304056
46	774557964720	1.29086	305279
349	774836951038	3.84823	303961
35	774836950552	5.47041	299447
343	775057613432	10.5562	301568
46	775057614801	6.15579	300199
47	775158196619	5.21382	303380
342	775158201235	1.65754	303764
46	775173996447	7.13307	298552
343	775173995184	11.1667	299815
349	775356646631	5.54758	303368
35	775356655813	1.6739	304187
349	775385026693	4.29566	303306
35	775385027854	5.6734	302145
35	775422118561	4.17682	301439
349	775422117967	4.66099	302032
47	775472309999	5.78778	300000
342	775472322917	1.15643	307082
47	775708677561	2.11297	302438
342	775708691327	1.21193	303673
35	775755097818	2.05441	302181
349	775755095798	2.52359	304202
35	775872291995	4.10888	303004
349	775872290594	8.47666	299406
343	775880032644	15.122	302356
46	775880035264	1.39964	304735
46	775962032519	10.5935	302480
343	775962032674	2.99353	302325
46	776185475488	2.78175	304511
343	776185473598	11.321	301402
35	776247269970	3.75154	305029
349	776247268505	3.55477	306494
35	776573439089	1.58775	305910
349	776573446515	1.60232	303485
343	776606691110	3.30561	303890
46	776606694141	1.7332	305859
343	776640764023	1.70971	305977
46	776640767246	1.57131	302753
47	776863239584	4.29559	305416
342	776863238875	3.22902	306125
349	776983961580	3.04525	303420
35	776983971613	1.59994	303387
46	776986177774	3.34255	302225
343	776986176420	5.52065	303579
47	777078012043	7.94786	297957
342	777078012771	3.36858	302228
46	777168022769	8.34048	302231
343	777168023943	3.10331	306057
46	777222776703	1.4593	303296
343	777222774183	4.1343	300816
343	777244069265	1.36627	305734
46	777244084418	1.10616	305582
342	777267408662	3.94204	301337
47	777267412431	1.46872	302569
343	777282140280	3.67374	304720
46	777282140722	5.21136	299278
47	777383845875	5.24047	299124
342	777383847932	1.69596	307068
35	777682363893	1.92002	306107
349	777682368051	1.27047	306948
342	777768854488	3.94324	300512
47	777768859998	2.01204	305002
349	777835568073	1.44482	306926
35	777835586995	1.26308	303004
349	777929769249	2.63774	305750
35	777929768605	17.0634	296395
33	777929775901	1.03601	304099
349	777932260214	2.98882	304785
35	777932259980	11.0789	300020
47	777939737721	9.93339	302279
342	777939738407	3.65624	301593
349	777991291837	4.096	303162
35	777991294508	1.8234	305491
349	778051385122	2.27803	304878
35	778051399604	0.785202	305396
46	778061933151	6.14174	301849
343	778061937600	1.90395	307399
46	778176678165	10.0324	301834
343	778176679357	3.01267	305643
47	778210660743	3.50357	304256
342	778210660088	5.89888	299912
35	778332263154	9.10861	301845
349	778332268161	1.25029	306838
47	778361971913	2.80447	303087
342	778361971170	4.22773	303829
46	778507121466	4.2086	303533
343	778507120978	5.19689	304022
349	778671013874	2.24429	306125
35	778671014485	2.06133	305514
342	778746822323	5.80927	302676
47	778746823615	3.46661	301385
35	778888841629	3.1192	303370
349	778888839915	5.99144	300085
35	778972320573	3.82023	304427
349	778972319080	5.8419	300919
342	779133364555	2.67447	305444
47	779133373359	1.39441	306640
47	779136021168	3.46453	303831
342	779136024961	1.6336	305039
46	779369422642	3.103	302358
343	779369421745	4.66547	303255
343	779507738819	10.6654	301181
46	779507753904	1.23136	306095
343	779564879677	1.696	305323
46	779564887213	1.15822	302787
47	779655143097	5.07927	301902
342	779655150281	1.23424	304718
35	779867256145	8.98232	298855
349	779867266719	1.95197	303280
35	779952309123	5.42432	300877
349	779952309347	3.55223	300652
35	780018705302	1.83179	304697
349	780018711484	1.59683	303515
349	780034574146	1.91854	305853
35	780034584316	0.92086	305683
46	780035695384	11.8348	299615
343	780035696590	2.93229	303409
343	780161206359	6.43643	303640
46	780161217009	1.18166	302991
46	780186104801	3.90399	300199
343	780186104295	4.47848	300704
35	780409093714	1.669	306286
349	780409094592	2.43578	305407
349	780440356422	11.8572	298578
35	780440358596	3.29236	301403
47	780447097860	5.35448	302140
342	780447098662	4.17973	301337
349	780497545980	2.87415	304020
35	780497554394	1.39037	305606
35	780573448696	7.20503	301303
349	780573449188	3.47802	305812
343	780882090602	8.17875	299397
46	780882101943	1.62314	303056
35	781074454508	3.69859	300491
349	781074452287	15.9682	302713
342	781286402033	6.48684	302966
47	781286402916	3.83018	302083
46	781317969880	2.76453	300119
343	781317969660	4.22797	300340
342	781418935093	10.9968	299906
47	781418943937	1.58762	306063
342	781659255291	1.6305	304708
47	781659260839	1.07487	304161
46	781737602909	3.07536	302090
343	781737604265	2.06519	305734
46	781897081452	1.44928	303548
343	781897077678	11.8353	302321
349	781992031244	5.81342	303755
35	781992031881	8.06731	298118
343	781997768779	1.67447	306221
46	781997779080	0.937153	305920
35	782037997761	25.8746	297239
349	782037998498	7.07825	301502
33	782037999487	1.49092	305512
47	782061891752	2.35481	303248
342	782061893281	1.95347	306718
349	782159086632	4.92395	303367
35	782159096236	1.11621	303763
46	782159109928	1.14044	305072
46	782181911085	4.92048	298915
343	782181914265	1.61632	305735
35	782214026731	7.73338	298269
349	782214026134	8.46468	298866
46	782215451447	6.45449	298552
343	782215458142	1.31403	306858
35	782489598696	1.94879	306303
349	782489604547	1.20802	305453
35	782641699203	3.635	300797
349	782641698053	6.68734	301946
47	782727612236	1.84016	302763
342	782727611688	2.16663	303312
46	782730342007	17.6444	297993
343	782730342770	3.94154	302230
349	782751449398	14.82	300602
35	782751458452	2.11848	306547
342	782751462932	1.22748	307068
342	782761179512	3.59401	305488
47	782761178496	8.77406	301504
46	782887733337	7.68157	301663
343	782887733788	3.20174	301211
46	782981312769	3.58013	302231
343	782981311138	5.47434	303862
343	783041940152	2.87988	304847
46	783041941224	3.37252	303776
45	783070217541	4.13251	302458
47	783070216017	11.1338	298982
35	783070220882	1.29774	304117
342	783070223567	1.31242	306432
342	783200935343	4.75859	299656
47	783200943100	1.32198	301900
46	783274122610	1.53708	302389
343	783274118819	4.85012	301181
342	783471247120	14.9603	302879
47	783471250743	2.48162	304256
35	783525836945	12.41	298055
349	783525838108	3.35376	301891
46	783880587610	2.20061	302389
343	783880585089	11.8553	299911
349	783934901395	7.85187	303605
35	783934904596	3.15917	305404
35	784014670359	5.23084	299641
349	784014669706	3.2624	305294
342	784104019807	4.90205	300193
47	784104024544	2.12574	305455
35	784105720062	12.812	299938
349	784105732342	1.61658	307658
349	784182658761	12.7192	301239
35	784182662036	2.77004	302963
349	784238116334	1.66294	303666
35	784238113749	1.66863	306250
47	784248453097	4.66982	301902
342	784248453108	3.60231	301891
35	784335691641	4.75645	303358
349	784335691038	6.19944	303961
349	784408381816	3.30761	303183
35	784408380464	23.5069	299535
33	784408384144	1.77284	300855
36	784408394485	1.37145	305514
46	784438207624	2.12436	302375
343	784438203247	4.2588	301753
342	784842476783	13.5664	298216
47	784842479420	1.81124	305580
35	784908403638	4.43547	301361
349	784908402539	8.10216	302460
47	785018529305	10.1675	300695
342	785018529226	6.92806	300774
35	785052172297	5.25437	302703
349	785052181996	1.41806	303004
35	785194089211	2.83334	300788
349	785194092048	2.45362	302952
35	785270023923	2.58515	306076
349	785270024280	2.21988	305720
47	785273130039	2.62398	304960
342	785273129358	2.68373	305641
343	785447969599	11.662	300401
46	785447974834	2.08324	305165
47	785531549679	3.88201	300321
342	785531548788	6.1233	301211
35	785536571822	2.29286	303177
342	785536569549	2.4891	305451
349	785536568711	8.23576	301288
343	785638046716	3.19245	303283
46	785638051912	0.95953	303088
35	785788913269	4.63144	301731
349	785788928222	1.47453	306777
35	785853881067	15.3036	298932
349	785853881462	3.0279	303538
35	785867105721	5.26886	299278
349	785867110418	1.90066	304581
47	785922022915	6.4771	302084
342	785922021648	9.59848	298351
342	785979025063	1.61024	304937
47	785979027657	2.33936	302343
343	786012221516	5.3023	303484
46	786012222774	3.34255	302225
46	786019839896	5.26932	300104
343	786019839772	6.19884	300227
47	786019845484	1.40911	304516
342	786019855407	1.2589	304592
343	786051123397	7.50289	301602
46	786051124045	10.1898	300954
35	786101805796	3.18343	304203
349	786101803406	7.91869	301593
46	786230834000	4.94793	300999
343	786230832995	5.59919	302005
47	786296890292	2.07042	304708
342	786296888151	4.33392	301848
47	786333674839	6.16624	300160
342	786333673694	7.84679	301305
46	786554869610	8.85144	300390
343	786554879868	1.49868	305132
35	786789218530	8.012	301469
349	786789224001	2.3173	305998
349	786851677101	19.5241	297899
35	786851680748	2.50439	304252
342	786851681814	1.49622	303186
361	786851693203	1.12567	306797
46	787000302296	2.80368	302703
343	787000301546	6.01225	303453
343	787293111354	12.7209	298646
46	787293112598	7.0499	302402
35	787438987754	2.68908	302245
349	787438986631	4.05856	303368
343	787440484675	2.31564	305324
46	787440495488	1.00071	304511
35	787605576214	2.01471	303786
349	787605574295	5.51987	300705
46	787654297642	2.43412	302358
343	787654305312	1.51169	304687
35	787762295900	10.5468	299099
349	787762300831	1.57269	304168
35	787811003909	4.04722	301090
349	787811007342	2.25409	307658
46	788021880098	9.49184	299902
343	788021878844	8.99463	301156
46	788139308551	5.08286	301449
343	788139308121	2.13946	301879
46	788183695785	3.65302	299214
343	788183695058	6.71993	299941
46	788311133022	24.1684	296977
343	788311133767	4.74754	301232
35	788443852266	7.29189	302733
349	788443851190	10.9788	298810
46	788474281515	2.57365	303484
343	788474284164	1.28389	305835
343	788527183962	1.2361	306038
46	788527185225	1.50612	304774
35	788534415664	2.08148	304335
349	788534420382	1.58862	304618
35	788573103452	4.22426	301547
349	788573102605	4.3215	302395
349	788891581313	2.56394	303687
35	788891585001	1.33765	304999
47	788951334739	4.60579	300261
342	788951333684	5.14085	301315
343	788983775249	6.2976	299750
46	788983785635	1.57396	304365
47	789024213325	4.22627	301675
342	789024216119	2.2612	303881
35	789135306641	7.56452	298358
349	789135307487	2.01627	307513
342	789222961267	3.47102	303733
47	789222960128	8.18247	299872
46	789254720251	2.71991	299749
343	789254719139	2.82077	300860
47	789266895295	13.1381	299705
45	789266900024	1.81178	304975
342	789266903026	1.66751	306974
35	789266907144	0.862228	302855
342	789315059648	3.21381	305351
47	789315067635	1.42244	302365
47	789343692527	4.57314	302472
342	789343694703	2.21555	305297
349	789455779503	12.115	300497
35	789455782215	2.58857	302784
47	789459705524	3.53865	304476
342	789459703979	5.44881	301020
46	789517862934	5.63616	302066
343	789517863246	2.57105	306753
47	789603716524	4.98997	303476
342	789603716076	3.19798	303924
47	789711690489	7.61005	299510
342	789711692263	2.74736	302737
47	789866468930	10.0166	301070
342	789866473303	2.16999	306697
349	789930484618	3.81647	300381
35	789930484748	5.30031	300251
342	789964112675	10.0185	302325
47	789964114780	2.57301	305220
46	790009760072	19.4348	299927
343	790009760753	3.06004	304247
349	790016694516	2.90481	305483
35	790016700241	1.12867	304759
47	790102298770	6.0554	301230
342	790102297631	12.5011	302368
47	790174898874	4.74694	301125
342	790174903086	2.12225	306913
46	790199044101	2.86737	300899
343	790199044836	1.88237	305164
35	790378675302	3.76827	304698
349	790378674547	3.76567	305453
47	790394522302	3.0885	302697
342	790394528684	1.54127	306315
46	790430009834	3.97849	300165
343	790430008658	6.67761	301341
342	790466374845	6.79123	300155
47	790466378779	1.66251	301221
35	790477662940	6.0708	302059
349	790477662668	4.47562	302332
35	790581512873	8.58504	302127
349	790581513681	4.16162	301319
342	790583371868	6.03448	303131
47	790583384140	1.94823	305859
47	790588579803	5.02686	300196
342	790588581812	1.70191	303187
35	790608640275	1.82977	304724
349	790608637368	6.84982	302631
47	790899813186	9.86954	301813
342	790899813558	3.92847	301441
47	790906620804	5.74511	299195
342	790906620512	4.02126	304487
46	790999452789	1.9002	302210
343	790999456073	1.49778	303926
35	790999470001	0.907539	304999
349	791095655151	3.97373	304848
35	791095667940	1.64971	302059
343	791177574675	5.88446	300324
46	791177591959	1.33045	303040
35	791500424081	3.39428	300919
349	791500422509	6.59354	302491
47	791545348087	3.04094	301913
342	791545348139	2.84494	306861
342	791618501432	6.61018	303567
47	791618502915	2.58939	302084
35	791733275133	4.93818	299867
349	791733274321	5.25089	300679
343	791848330791	1.68816	304209
46	791848336642	1.48653	303357
47	791848468390	4.44411	301610
342	791848483983	1.36851	306017
47	791879839909	2.39306	305090
342	791879837705	16.7668	302294
46	791895377928	16.6833	297072
343	791895379004	3.11899	305996
47	792221698431	1.1958	306569
342	792221697867	1.68495	307133
46	792235471064	15.0598	298936
343	792235471640	4.55234	303360
349	792345537776	7.71732	302224
35	792345539103	4.5086	300897
349	792400879665	6.07174	300335
35	792400880721	2.93584	304278
46	792435124970	16.3281	300029
343	792435125152	5.75153	299847
35	792454642053	11.9772	297947
349	792454644264	3.01006	305735
35	792665675996	1.49543	304004
349	792665673524	3.00772	301475
47	792708007138	1.61881	302861
342	792708008303	1.93488	306697
343	792765283576	7.03276	301423
46	792765291192	1.58182	303808
47	792950398656	2.85246	301344
342	792950401838	1.08311	303162
47	792980721005	2.83039	303994
342	792980729642	1.50155	305358
342	793035661535	1.88028	303465
47	793035661804	1.67559	303196
342	793214586929	3.90419	303070
47	793214586277	11.802	298723
349	793233645321	19.5568	299679
35	793233647846	3.58531	302154
361	793233650035	1.14577	304965
342	793233652311	1.50298	307689
35	793340731580	4.29601	303419
349	793340729472	3.98596	300527
35	793409225373	5.21034	299627
349	793409224588	4.66043	300412
35	793423947056	6.88489	297943
349	793423946816	5.66563	303183
47	793469679486	1.0848	305514
342	793469678027	1.4792	306973
46	793709892356	5.29747	302643
343	793709890219	14.7018	299781
349	793724122487	3.22797	302513
35	793724140721	1.19642	304278
35	793855438361	9.21154	301639
349	793855448874	1.60629	306125
46	793896292434	1.42402	302565
343	793896290341	5.36784	299659
46	793989194875	15.1633	300125
343	793989201966	1.69285	303034
35	794078879424	2.83263	300575
349	794078878053	6.26019	301946
349	794090120091	9.89946	299908
35	794090125123	1.36442	304877
343	794102530873	5.09709	304127
46	794102531690	3.34979	303310
47	794267173465	1.79467	301534
342	794267178303	1.93488	306697
349	794293357043	2.64943	302956
35	794293367388	1.77366	302611
349	794394436782	3.35727	303218
35	794394435041	17.9446	299958
33	794394439663	1.13339	305337
47	794620088346	3.70718	301653
342	794620093268	1.92832	306731
349	794673084496	5.92618	300503
35	794673085398	3.94438	299602
349	794741905618	4.19168	304381
35	794741912578	1.57142	302422
47	795049415129	10.9538	299870
45	795049431157	1.11054	303842
342	795049436058	1.31958	303942
46	795169296498	2.639	303501
343	795169294057	8.75817	300942
35	795279930010	3.01992	304989
349	795279927372	18.8785	297627
342	795279937510	1.07596	307489
361	795279953144	1.13107	306855
343	795318062232	11.2932	302768
46	795318067832	0.920277	302167
341	795318077483	0.604012	307517
342	795393991548	24.2516	298452
47	795393995459	2.09803	304541
364	795393999691	1.21669	305308
35	795626418959	5.81486	301041
349	795626419802	2.04847	305197
342	795784088883	7.56026	301116
47	795784089643	7.88328	300356
343	795829262297	7.55308	302703
46	795829263069	6.11777	301931
343	795974914996	3.55287	305004
46	795974920894	1.1912	304106
35	795976759394	2.60942	300606
349	795976757605	9.69186	302395
342	795976763970	1.83479	306029
47	796186312665	1.63183	302334
342	796186319805	1.13836	305195
349	796200307223	6.01064	302776
35	796200308173	2.77212	301827
47	796210815063	4.25615	299937
342	796210814109	4.97751	300891
35	796212914485	6.4045	300514
349	796212915779	4.60285	304221
35	796343598474	1.83043	306525
349	796343600859	1.04838	304141
35	796673807327	4.14713	302672
349	796673805889	5.67145	299110
342	796916296439	16.7418	298560
47	796916299350	3.90746	300650
46	796940535404	2.57644	304595
343	796940533056	16.8675	301944
342	796949873472	7.5014	301528
47	796949875614	3.06986	304386
343	796965786110	15.1017	298890
46	796965789237	2.64578	305763
35	797016363051	4.51092	301949
349	797016364009	2.95117	300991
35	797017679455	2.05621	305545
349	797017691729	1.15439	303271
46	797282730066	2.13877	304934
343	797282727375	2.32576	307624
46	797321824272	3.9835	300728
343	797321823706	4.73696	301293
343	797331667023	5.17403	302976
46	797331669225	2.63177	305774
35	797517107940	2.07789	302059
349	797517107951	2.27238	307048
342	797548206647	3.61141	303352
47	797548207690	2.74682	302309
35	797599404657	1.63425	305343
349	797599417311	1.12821	302688
46	797661208422	5.0526	301577
343	797661207804	3.46983	302195
35	797681814848	2.13414	305152
349	797681816519	1.75172	303481
35	797712884089	1.81008	305910
349	797712896483	1.26733	303517
349	797812403444	16.5777	301555
35	797812406721	2.69856	303279
343	797923626129	5.91299	298871
46	797923628375	2.13217	306625
47	797936736502	3.03505	303498
342	797936746149	1.33991	303850
47	798187986295	9.24593	298704
342	798187989235	2.37548	305765
342	798218828504	5.40521	301496
47	798218828615	6.74426	301385
47	798284999002	4.84809	300998
342	798284998779	3.50203	301220
46	798374325539	1.55664	304461
343	798374322579	2.95792	302420
342	798374328758	1.55564	306242
47	798374330304	1.56884	304696
46	798377284069	6.46484	300931
343	798377289646	1.45795	305353
46	798557546863	11.7821	298137
343	798557548481	1.60391	306518
46	798562321211	6.52423	298789
343	798562328754	1.9646	306246
47	798725431601	2.64479	303399
342	798725427640	14.2206	302360
349	798725430476	1.48686	304524
46	798890944450	9.13459	300550
343	798890944582	5.68623	300418
343	798922231870	2.83312	303129
46	798922237434	1.64845	302565
343	798961293878	3.39578	301121
46	798961293342	10.967	301657
342	799002181393	2.31801	303607
47	799002178193	7.97257	301807
47	799004375823	2.49047	304177
342	799004376916	22.6867	298083
343	799279145602	4.37022	304397
46	799279147483	3.97298	302516
35	799345072693	2.67768	302306
349	799345082313	1.91536	307686
47	799444129195	5.6272	300805
342	799444130091	1.66121	304909
342	799462406522	3.99666	303477
47	799462409875	1.77109	305124
349	799470549039	3.87504	305960
35	799470556366	2.04502	303633
349	799645018263	4.81084	301736
35	799645019123	2.86735	305877
35	799887475111	1.29125	304889
349	799887480306	1.50839	304694
35	800009598151	13.1313	301849
349	800009600240	2.9441	304760
47	800062522803	5.96435	302196
342	800062522836	3.61578	302163
46	800065241817	5.41609	303182
343	800065245886	1.70848	304113
47	800159546277	1.76237	303723
342	800159545737	1.48851	304262
343	800192755999	2.33485	304001
46	800192754396	12.0965	300603
349	800373511605	15.1392	298394
35	800373513151	3.27945	301849
349	800406762788	15.3683	302212
35	800406764919	5.34141	300081
46	800460307118	2.47102	302882
343	800460306045	4.92794	303955
47	800794543465	8.35249	301534
342	800794553758	1.55564	306242
343	800927155341	5.06729	304659
46	800927156735	3.03364	303264
343	800989647865	1.79767	307135
46	800989655635	1.35135	304365
47	801001167915	1.77056	302084
342	801001163524	5.82633	301476
349	801130131782	4.64013	303218
35	801130131307	19.1547	298692
33	801130141782	1.21299	303218
342	801474524681	12.6458	300318
47	801474526848	3.0009	303151
342	801632206778	1.92834	303222
47	801632206557	1.49874	303442
46	801696187244	21.2467	297755
343	801696187631	3.60812	302369
35	801724394699	6.26512	300300
349	801724406724	1.7529	303276
35	801829727056	3.64684	302943
349	801829727666	2.83721	302334
47	801893833841	7.8964	301158
342	801893833916	2.89305	301084
46	801959135699	2.4814	304301
343	801959135695	3.52315	304304
349	802102652049	5.97241	302950
35	802102653862	2.13587	306137
349	802217556895	3.89699	303105
35	802217556572	7.72552	298428
46	802300417934	7.23438	302066
343	802300418025	2.82878	301974
47	802302161113	4.77644	298887
342	802302161076	5.09658	303924
342	802312801344	2.07513	303656
47	802312806619	1.51577	303380
349	802348197254	1.32779	302746
35	802348199076	1.09011	305924
349	802428689028	4.18063	300972
35	802428699932	0.824718	305068
349	802453743023	7.10641	301977
35	802453757266	1.31618	302733
349	802487590240	2.73018	304760
35	802487588696	19.1445	301303
36	802487594344	1.02617	305655
33	802487597645	0.991177	307355
343	802527239898	5.9812	300101
46	802527249016	1.59233	305984
349	802848422998	3.45278	307002
35	802848424225	5.6493	300775
342	802886729746	5.33971	300254
47	802886730292	6.36007	299708
46	802889517055	1.97681	302945
343	802889514959	2.66816	305040
35	803025567087	1.49886	302913
349	803025562966	5.38987	302034
342	803025569549	1.5538	305451
35	803061910123	1.79715	304877
349	803061908813	1.80642	306186
46	803121174237	6.13091	300763
343	803121175202	3.56874	304798
343	803170168216	7.04092	301783
46	803170168535	8.82887	301464
343	803185885978	5.67762	304022
46	803185888390	3.24159	301609
35	803340118422	3.3308	301578
349	803340118962	2.47363	306037
47	803596511394	2.49453	303605
342	803596508597	23.8165	301402
364	803596514329	1.14554	305671
349	803606012344	1.28329	307656
35	803606013154	1.7982	306845
343	803683026384	7.12539	298615
46	803683025289	38.1682	299711
30	803683030308	0.95385	304692
47	803683042029	0.905602	302971
35	803718706704	6.0485	303295
349	803718711580	1.97683	303420
47	803769901267	2.05122	303732
342	803769910724	1.7865	304276
342	803901454685	2.21087	305315
47	803901460128	1.62892	304872
349	803901466519	1.53905	303481
35	803901478954	1.0654	306046
46	804006841562	2.66404	303438
343	804006842268	2.35805	302731
35	804063540302	7.92511	299698
349	804063542658	1.99883	307342
47	804137245792	4.91739	299207
342	804137245023	4.93172	299976
349	804232615039	7.60113	299961
35	804232616643	3.35038	303356
342	804304345734	14.3521	299266
47	804304351579	2.24274	303421
46	804341059173	7.25109	300827
343	804341059313	3.39096	305687
46	804401532023	4.98831	297977
343	804401531962	3.76619	303037
35	804561840133	4.49489	299867
349	804561839444	5.12218	300556
46	804602522579	2.42322	302421
343	804602524313	2.00092	305687
343	804686422088	17.6828	297912
46	804686426352	2.27982	303648
341	804686430695	0.802364	304305
343	804767219040	7.68114	300960
46	804767223165	2.19763	306834
342	804813984161	6.19317	300839
47	804813983366	25.185	301633
35	804813992276	1.72886	302723
45	804813988130	1.94654	301870
343	804927279183	6.68679	300816
46	804927279237	6.13091	300763
343	804945666264	5.95522	303735
46	804945669624	1.27078	305376
47	805019083971	3.6139	301028
342	805019083374	5.85665	301625
47	805054410533	1.6167	304467
342	805054412341	1.50771	307658
35	805054427278	0.716667	302721
47	805085772008	6.3232	302991
342	805085772449	3.22876	302550
46	805184154400	3.3369	300600
343	805184152684	7.78469	302316
46	805207576658	3.12071	303342
343	805207574231	17.8318	300769
343	805324737600	4.54219	302399
46	805324742070	1.4339	302929
343	805341725141	2.39855	304859
46	805341738439	1.24907	306561
343	805473732027	3.79301	302973
46	805473743942	0.943745	306058
47	805587792570	4.27232	302430
342	805587792822	4.49284	302178
342	805788670217	2.6223	304783
47	805788669650	10.1133	300349
349	805899768055	1.7601	306944
35	805899771098	1.71147	303902
47	805976759099	4.38251	300900
342	805976768438	1.75016	306562
342	806076396812	3.10824	303187
47	806076395369	11.4159	299631
47	806179652834	5.76554	302166
342	806179653407	3.14974	306593
349	806236903681	12.9577	301319
35	806236909526	2.48877	305473
46	806371021671	20.4463	298328
343	806371023576	2.78128	306423
342	806393815093	10.5027	299906
47	806393818606	2.14466	306394
46	806539218438	1.14571	306561
343	806539218432	1.60547	306568
47	806541087236	1.22941	302763
342	806541096843	1.24166	303157
343	806720310600	6.13045	299399
46	806720322688	1.25047	302312
47	806861322366	3.29295	302633
342	806861329481	1.93808	305518
46	806887569770	4.41505	300229
343	806887577367	1.37622	307632
349	806971514905	2.1307	305094
35	806971513989	7.85984	301010
35	807204249858	3.9971	300142
349	807204249172	4.58083	300828
349	807291790054	2.37182	304946
35	807291794325	1.78646	305674
349	807319573910	4.58189	301090
35	807319583154	1.36062	306845
349	807332386689	2.3667	303311
35	807332385607	3.21002	304392
47	807416421094	5.00684	303905
342	807416420121	6.44601	299878
343	807439856430	1.50113	303569
46	807439864048	1.15357	305952
47	807449752206	12.6947	297794
342	807449755595	2.15965	304404
342	807469789459	5.75758	300540
47	807469789724	4.91053	300275
46	807779174848	1.7583	305151
343	807779180663	1.8162	304336
46	807827465219	20.8035	299781
343	807827466193	3.07098	303806
47	807840322497	6.21494	302503
342	807840325097	2.05826	304903
46	807913829705	4.55967	300294
343	807913829929	4.52251	305071
342	807958592090	2.52721	302910
47	807958597301	1.64756	302698
47	807984471372	2.8053	303627
342	807984469447	9.89297	300552
343	808072135854	1.85306	304145
46	808072144784	1.07859	305215
349	808096648428	4.21911	301571
35	808096648200	5.21638	301800
46	808139717232	2.55866	302767
343	808139714759	7.50077	300240
342	808293045534	6.18975	304465
47	808293050014	8.0499	299985
349	808363751277	7.3317	298723
35	808363753290	3.45932	301709
342	808363950322	2.57069	304678
47	808363962916	1.56996	302083
46	808364799944	2.00496	305055
343	808364798047	4.16263	301953
47	808406450774	4.5134	299226
342	808406450635	3.829	304365
343	808449295491	6.2547	299508
46	808449298037	3.61829	301963
46	808470050087	1.39789	304913
343	808470047930	1.33593	307070
35	808512615882	5.60568	299117
349	808512614207	14.967	300792
349	808564826395	2.09398	303605
35	808564828408	2.04425	306591
343	808576890759	1.37085	304241
46	808576896032	1.10903	303968
46	808625854386	3.44413	300614
343	808625852302	5.38214	302697
349	808790481164	2.10988	303835
35	808790479364	3.40884	305636
47	808790673584	21.5447	301415
342	808790675091	3.06609	304909
36	808790676877	2.06593	303122
45	808790674952	6.77798	300048
342	808872684832	3.65779	305167
47	808872685524	4.15411	304476
349	808935621483	2.97964	303516
47	808935621048	5.1953	303952
342	808935620673	2.64116	304327
35	808935620992	7.12597	299007
343	808957201455	10.7277	298545
46	808957209292	1.23721	305708
349	809037743406	5.34373	301593
35	809037751275	1.1583	303725
46	809040140639	1.14378	304360
343	809040143342	1.19875	306658
46	809199922456	3.73003	302544
343	809199922268	4.21505	302731
46	809254242434	7.50654	302565
343	809254243437	2.90107	301562
46	809287388183	14.5903	301817
343	809287390886	1.94108	304113
349	809306758623	2.51381	306376
35	809306774848	1.26437	305152
349	809538141693	12.1467	298306
35	809538156419	1.33659	303580
46	809595335830	4.32017	304169
343	809595335249	4.59959	304750
349	809663877083	11.3067	302916
35	809663883727	1.73678	306273
342	809663889937	0.888615	305063
46	809718534546	2.25161	305454
343	809718532970	1.96322	307030
35	809746879740	2.09228	305260
349	809746888084	1.43228	306916
46	809810874364	2.44732	305635
343	809810873979	2.25497	306021
46	809839525904	4.98284	299096
343	809839526335	2.88067	303665
46	810172480443	3.09879	304557
343	810172479343	5.78763	300656
342	810261037926	15.7854	302074
47	810261039305	6.66933	300695
343	810502775938	7.97241	299062
46	810502777232	5.49945	302767
342	810515789256	3.54143	305743
47	810515793258	6.77702	306742
47	810860630943	2.39857	304056
342	810860630694	3.82993	304305
46	810941390468	2.14386	304532
343	810941388723	4.81615	301276
47	811006604643	1.94305	305356
342	811006615539	1.24027	304460
35	811289075386	3.21606	299614
349	811289073320	8.8772	301679
343	811313140978	9.22622	299022
46	811313144292	2.35334	305708
342	811635041180	5.88752	298819
47	811635049578	1.51693	305421
343	811814400728	1.59402	304271
46	811814404112	1.83444	305888
47	811902242803	13.7602	297196
342	811902244679	2.74885	305321
35	811954812175	1.92311	302825
349	811954808704	3.47211	301296
342	811954816713	1.44666	303287
47	811954815978	1.17947	304022
47	811961496113	18.6489	298887
342	811961497865	3.54807	302135
35	811961499817	1.47646	305182
45	811961500394	1.93902	304605
46	811969747181	8.90776	297819
343	811969750059	1.29826	304941
35	812007392522	16.3692	297477
33	812007396784	1.03394	303216
349	812007395121	2.90282	304879
35	812044951853	2.07745	303147
349	812044958279	1.48348	306720
47	812103906258	8.70396	298741
342	812103907520	3.0834	302480
35	812320192854	8.8771	302145
349	812320197405	1.29465	307595
343	812396915873	3.70336	304127
46	812396916754	6.08022	303246
343	812450086199	2.68555	303800
46	812450088400	2.17643	306599
46	812480948215	12.3184	301785
343	812480952739	2.46971	307260
46	812544991786	4.04285	303214
342	812544989737	7.51068	300263
47	812544990588	3.73361	299411
343	812544989374	7.89106	300626
342	812763390469	2.6041	304530
47	812763395489	1.48909	304510
35	812816028932	3.36404	301067
349	812816031782	1.86785	303218
349	812835063108	4.21091	301891
35	812835068093	1.69585	301906
47	812985286579	11.657	298421
342	812985289679	2.0442	305321
46	813152441927	1.7683	303072
343	813152438342	2.57807	306658
349	813261455567	4.05683	304432
35	813261455607	5.67433	304392
349	813271879347	5.04164	300652
35	813271880976	2.55924	304024
46	813355635091	3.57913	299909
343	813355633355	5.13022	301644
47	813363371064	1.73001	303936
35	813363369596	14.0331	300404
349	813363375916	1.69697	304083
342	813369328916	15.318	301084
47	813369331138	3.25377	303862
46	813697029101	7.38468	300899
343	813697029010	3.24697	300990
35	813715904302	2.46484	305697
349	813715916690	1.21492	303309
349	814025335828	8.87633	299171
35	814025343757	2.13459	306243
46	814067825849	37.6565	299151
343	814067826420	6.91731	303579
44	814067833960	0.757484	306040
47	814067842172	1.21669	302828
46	814184985968	1.76154	304032
343	814184992535	1.42291	307464
47	814360523908	3.93365	301091
342	814360538918	0.917446	306081
349	814402261633	2.26392	303366
35	814402277026	1.05337	302974
35	814527256369	6.75472	298631
349	814527257131	3.51981	302868
35	814556283200	5.66561	301800
349	814556287658	1.7868	307342
47	814661925678	5.92655	299321
342	814661925635	2.88968	304365
35	814799128229	10.2673	301770
349	814799136781	1.34079	303219
35	814814890111	3.25842	304889
349	814814893593	1.44286	306407
47	814934004940	6.46969	300060
342	814934004869	3.73058	305130
47	814940557440	17.2381	297559
342	814940558970	3.96036	306029
46	814984309642	15.4734	300358
343	814984309803	5.95939	300196
46	815019762769	2.90399	302231
343	815019760917	7.36418	299083
35	815027092608	4.65511	302391
349	815027093726	3.63896	301274
46	815111960699	2.2594	304301
343	815111959599	3.98397	300401
35	815679989638	1.70076	305361
349	815679994678	1.11788	305321
35	815701504980	4.01796	300020
349	815701504260	3.38344	305740
46	815789087261	1.47204	302738
343	815789083407	2.14072	306593
349	816106394188	8.54432	300812
35	816106395900	4.30721	304099
46	816143425480	4.57049	299520
343	816143425282	4.13964	299718
342	816239712394	9.53806	302606
47	816239714789	2.69444	305211
46	816243443197	1.98018	306802
343	816243442423	2.93138	302577
47	816265183087	3.65475	301913
342	816265182441	3.94168	302559
342	816272508437	9.90718	301562
47	816272512063	2.74702	302936
342	816334256432	5.17478	303567
47	816334260005	1.39287	304995
47	816335802600	2.23496	302399
342	816335799900	11.2696	300100
343	816335805440	2.08214	304560
343	816601175756	3.772	304243
46	816601175595	4.96002	299405
35	816717045271	3.65927	299728
349	816717048356	1.39455	306643
342	816971011623	3.79256	303377
47	816971014295	2.06842	305704
343	817023237570	8.74405	302430
46	817023240735	2.27679	304265
343	817056659118	7.13712	300881
46	817056665552	2.11906	304447
46	817456617456	7.82926	302544
343	817456617358	5.47248	302642
47	817536300709	1.45578	304291
342	817536309555	1.4853	305445
46	817607697470	12.5911	297530
343	817607698100	3.91597	301900
47	817608265329	3.29474	304670
342	817608272484	1.56009	307516
47	817623143950	2.52419	306050
342	817623143885	3.12105	301114
46	817673633936	5.60688	301063
343	817673636676	2.08117	303323
35	817726321904	3.8406	303096
349	817726332925	1.20235	307075
35	817947201250	3.4929	303749
342	817947200377	2.65362	304623
349	817947198439	25.1353	301561
46	818081301832	3.08544	303167
343	818081302358	2.39318	307642
343	818095635824	4.9475	299176
46	818095636753	3.59611	303247
35	818104186149	2.83443	303851
349	818104186488	3.02728	303511
47	818106406851	6.44321	298148
342	818106406306	5.86504	303693
35	818255740342	11.8556	299657
349	818255744588	1.95956	305412
343	818411397791	5.50943	302209
46	818411399269	1.98137	305731
47	818474636082	3.15767	303917
342	818474645955	1.32515	304044
46	818513773528	12.0656	301472
343	818513775345	1.36985	304655
46	818552708694	8.06213	301306
343	818552714931	1.66914	305069
46	818634546306	9.28382	298693
343	818634555661	1.18171	304338
342	818728358407	4.85966	301593
47	818728359230	3.87157	300769
47	818970076998	3.3461	303001
342	818970075737	5.77697	299262
35	819130027690	17.0335	297310
349	819130028406	4.69865	301593
33	819130044777	0.763309	305222
35	819135095337	5.49476	299663
349	819135094739	4.31719	305260
349	819336173139	13.4601	301860
35	819336175332	3.44973	299667
349	819339145979	2.22563	304020
35	819339152431	1.39098	302569
35	819399395133	7.41709	299867
349	819399394645	4.88919	300355
349	819518203555	4.94283	301445
35	819518203848	4.47538	301151
47	819520723606	10.3609	301394
342	819520724161	6.19317	300839
342	819525440673	2.40637	304327
47	819525439355	17.0351	300645
35	819525451519	0.99382	303480
343	819828272800	7.20067	302199
46	819828273919	5.72011	301080
35	819848796884	9.84131	298116
349	819848796658	7.47636	303341
35	819902691358	1.97176	303641
349	819902687509	4.2493	302491
47	820008318076	5.19503	301923
342	820008317996	3.88166	302003
349	820159493706	2.19415	306294
35	820159496643	2.25536	303356
35	820324405210	5.19542	299789
349	820324404932	4.20152	300068
342	820507756344	9.02401	298656
47	820507771964	1.70775	303036
35	820535839535	6.60874	300465
349	820535840682	2.38991	304317
342	820770609226	2.35484	305774
47	820770610193	1.8459	304807
349	820770609179	2.92956	305821
35	820770608530	3.28757	301469
342	820783618662	10.2002	301337
47	820783630354	1.38346	304645
349	820822111041	2.03816	303959
35	820822127571	1.35283	302428
35	820868634241	3.23293	300758
349	820868633295	5.15339	301704
47	820886410857	2.4977	304142
342	820886412615	2.33466	307385
343	820980538290	13.0453	301709
46	820980539546	5.65284	300453
47	820987211224	14.4858	298776
342	820987211916	5.72816	303083
46	821208357487	7.15254	302512
343	821208357440	4.50669	302560
47	821336627963	8.45924	302036
342	821336628182	4.33932	301818
343	821520018909	2.69658	301091
46	821520019995	3.23804	305005
35	821541076328	3.53261	303672
349	821541073860	20.5752	301140
342	821541082575	1.55423	307424
361	821541094694	1.20517	305305
342	821550049872	1.34081	305128
47	821550056848	1.97105	303151
47	821570857029	4.58092	302971
342	821570871266	1.19854	303734
342	821708491661	4.24863	303339
47	821708491372	5.25965	303627
343	821800125505	26.8796	299495
365	821800131334	1.29575	303666
46	821800128247	4.00117	301753
349	821809136335	6.14817	303665
35	821809141629	2.46659	303370
46	821841220507	4.78648	299493
343	821841220793	3.94484	304206
47	821875056644	6.73298	298356
342	821875054961	15.5293	300039
35	821883313638	7.37043	301361
349	821883313024	9.38739	301975
342	822125561432	2.116	303567
47	822125561360	5.13324	298640
46	822142628326	11.9048	301674
343	822142632917	1.49743	307083
35	822213531873	8.47403	298126
349	822213533055	6.38821	301944
349	822326701631	2.78032	303368
35	822326713744	1.45882	306255
343	822341108216	5.19269	301784
46	822341109432	3.56594	300568
35	822543934516	5.32955	300483
349	822543940722	1.59223	304278
46	822654402374	2.48531	302625
343	822654402156	2.1908	302843
343	822655702600	3.37071	302399
46	822655703615	2.84031	301384
46	822831985576	2.46639	304424
343	822831990215	1.32731	304784
35	822860363029	1.29551	301971
349	822860369177	1.50045	305823
342	822975659395	3.61803	300605
47	822975676956	1.08282	303044
46	823187702134	2.10846	302866
343	823187700396	2.2166	304603
46	823204137694	10.0354	302306
343	823204138216	3.5522	301783
342	823212152341	2.21503	307658
47	823212158128	1.2006	301872
349	823220135331	3.37025	304669
35	823220135102	15.3399	299897
33	823220146315	0.549088	303685
47	823301381826	3.10205	303173
342	823301380417	7.14681	299583
343	823438761956	3.91917	303043
46	823438764906	1.66623	305093
35	823529043984	3.16176	301015
349	823529049530	1.72157	305470
35	823546405569	2.46618	304431
349	823546402864	11.3842	302136
47	823619160582	5.18316	299418
342	823619160161	3.95129	304838
47	823659287159	19.2787	297841
342	823659288472	2.92799	306528
45	823659289219	3.88095	300780
349	823673815008	4.65871	304991
35	823673816853	2.51441	303147
349	823828072894	2.47099	307105
35	823828084394	1.39037	305606
47	823862456005	3.03559	303994
342	823862454139	5.21856	300860
46	823912268197	4.55682	301802
343	823912274004	1.95015	305996
47	823923743325	9.15025	301675
342	823923749586	1.97915	305414
46	824002633368	4.06736	301631
343	824002640141	1.46891	304859
47	824024088885	8.23293	301115
342	824024088810	5.88218	301190
47	824024805063	2.64066	304937
342	824024815451	0.96859	304548
46	824155709802	4.65163	300197
343	824155708558	4.72877	301442
46	824239592118	1.58134	302882
343	824239588321	2.26479	306679
46	824261453215	1.32754	306785
343	824261454772	1.23613	305227
342	824270150725	6.74337	299275
47	824270153851	2.09608	306149
343	824273691710	4.89358	303289
46	824273693375	2.68507	301625
349	824381724794	6.62692	300206
35	824381725603	4.16392	299396
342	824430865127	2.78949	304872
47	824430868680	1.4603	306320
349	824512749295	2.3754	305705
35	824512764557	1.61963	305443
46	824809096103	6.64714	298897
343	824809100491	1.54036	304508
47	824813824131	2.42284	300868
342	824813827996	1.94236	307003
35	824855550054	4.91251	299946
349	824855552966	1.8327	307034
46	825086096306	4.86032	303693
343	825086097600	2.13663	307399
35	825122204801	9.42199	300199
349	825122204530	4.91584	305470
342	825133161548	4.30133	303452
47	825133167570	1.40882	302430
46	825345087757	5.71262	302242
343	825345085535	28.4155	299464
349	825418562990	23.0945	307009
35	825418570184	6.14173	299816
342	825418585574	0.784706	304426
46	825420430763	8.72364	299237
343	825420437314	1.67928	302685
35	825617061934	3.65113	303065
349	825617061336	5.40458	303664
349	825689854207	8.93911	300792
35	825689855943	3.05323	304056
349	825757530891	4.54674	304108
35	825757542460	1.55235	302540
46	825790659269	5.67945	300731
343	825790664834	1.71552	305166
47	825812067366	10.2468	297633
342	825812067298	6.11881	302701
46	825836313919	6.40129	301080
343	825836313376	3.36786	301623
342	825884207098	4.82369	302901
47	825884207730	4.10118	302269
47	826038990070	1.40319	304930
342	826038993663	1.3277	306337
46	826131740639	2.47533	304360
343	826131740150	4.10042	304849
46	826184662119	3.99903	302881
343	826184670917	1.24952	304083
47	826291906449	2.01328	303550
342	826291909746	1.52366	305254
35	826544581782	7.05437	298218
349	826544582272	3.13612	302727
349	826685895985	12.3059	299015
342	826685902514	1.10122	307485
35	826685914425	1.00536	305575
35	826808874871	10.115	300129
349	826808881068	1.40823	303932
35	826844346149	9.93501	298851
349	826844348562	1.86527	306437
47	826882315533	2.6373	304467
342	826882314035	5.68916	300964
343	826923299199	11.6487	300801
46	826923301147	5.60027	298853
35	826937499801	14.3413	300199
349	826937504588	2.81112	305412
33	826937508126	0.765987	306874
349	827076906904	4.8298	303095
35	827076908154	4.34171	301845
47	827219355227	4.70176	299773
342	827219355279	2.09711	304721
349	827263049141	2.72331	305858
35	827263067730	1.17327	302269
342	827393493151	6.95614	301848
47	827393494616	2.94708	305384
46	827666135658	1.73232	304341
343	827666132810	2.16135	307190
47	827899515517	9.50568	299483
342	827899515439	6.92823	299561
343	827899515663	3.45098	304336
46	827899517264	2.79225	302735
47	828049825823	3.10522	304177
342	828049823979	4.97241	301020
349	828130631870	10.1538	298130
35	828130633200	4.76586	301800
35	828200795302	3.54594	304698
349	828200794001	5.46191	300998
343	828274064355	3.88739	305645
46	828274081562	4.68187	303438
47	828340366592	2.73097	303408
342	828340369204	2.87945	300796
47	828487750780	20.4514	299220
45	828487753059	2.26266	301941
342	828487753092	3.13631	306908
35	828487760023	1.27425	304976
35	828530404939	2.72056	300060
349	828530405065	1.88754	304934
46	828585647169	8.5409	297831
343	828585650854	1.62221	304145
343	828646954183	4.1343	300816
46	828646962561	1.2298	302438
343	828751651489	9.8046	298511
46	828751654240	2.85572	300760
349	828856378706	1.77227	306294
35	828856385974	1.31669	304026
47	828880002302	3.7041	302697
342	828880001964	5.09677	303036
47	828892223199	2.17898	306801
342	828892226267	2.29406	303733
343	829160617375	5.19304	302624
46	829160635411	1.30608	304589
342	829166363504	2.27877	306496
47	829166372397	1.46663	302602
342	829281115482	2.36825	304518
47	829281122011	1.38649	302988
47	829347188950	11.13	301050
45	829347189034	1.71463	305966
342	829347192961	1.65561	307039
35	829347208200	0.908447	306800
35	829369225058	1.9586	304942
349	829369228141	2.08363	306858
342	829536922982	5.9553	302017
47	829536930005	1.18965	304995
342	829555473502	5.5683	301498
47	829555475468	2.41989	304532
343	829805251449	5.67961	303551
46	829805256357	1.43193	303643
47	830204079724	1.86141	305275
342	830204085482	1.90133	304518
47	830326440839	3.11425	304161
342	830326438504	4.45657	301496
46	830510337719	3.94047	302280
343	830510337333	4.69392	302667
349	830715514356	3.81744	300644
35	830715513683	18.1482	301316
33	830715519027	0.859585	305972
35	830928437309	12.0896	297691
349	830928441542	1.60939	303458
349	830947276641	6.70792	303359
35	830947278321	3.68856	301679
343	830964033311	2.10667	306688
46	830964042388	1.05317	302611
46	831146537296	5.73697	302703
343	831146538142	3.01056	301858
47	831320718541	1.72155	306459
342	831320732610	1.35284	307390
35	831340870674	3.60067	304325
349	831340882902	1.4556	307097
342	831394253473	4.68593	301526
47	831394262868	1.27638	302131
342	831400330405	2.82671	304595
47	831400337236	1.84016	302763
46	831418251402	5.87763	298597
343	831418251270	7.07479	303730
46	831487124801	2.22599	305199
343	831487124950	2.12302	305050
46	831494536943	7.35004	298056
343	831494539231	1.36259	305769
35	831546922791	8.78289	302208
349	831546933524	1.5764	306475
35	831601722144	1.9125	302855
349	831601720594	5.91525	299406
342	831762420257	6.39526	299743
47	831762428690	1.24855	306309
35	831775647461	16.3537	297538
349	831775650290	3.05931	304709
33	831775660199	0.698277	304801
47	831839593705	9.97058	301295
342	831839593790	6.65817	301210
343	831924480028	4.32082	304972
46	831924480424	4.33786	304575
343	831957241110	4.93861	303890
46	831957245635	1.57396	304365
46	832099697420	19.0991	297580
343	832099699612	2.83142	305387
342	832115786115	4.87613	303884
47	832115796147	1.73784	303852
35	832129707669	4.66539	302330
349	832129712548	1.81312	307452
46	832132310840	5.65021	299160
343	832132322991	1.36114	307009
35	832236052537	19.3663	297462
349	832236054141	2.9328	305858
33	832236060689	1.27698	304310
36	832236059792	0.999004	305208
349	832345601996	2.91464	303004
35	832345614499	1.17427	305500
35	832421218535	3.282	301464
349	832421218557	2.7389	301443
47	832528826879	5.26886	303121
342	832528827264	4.68305	302736
47	832646426103	1.00083	303896
342	832646428502	1.50656	306498
342	832694712835	9.56344	302165
47	832694713755	4.51058	301244
35	832694886358	2.62818	303641
349	832694894503	1.5024	305497
349	832813104428	2.67091	305571
35	832813111763	1.25706	303236
343	832989880759	3.46804	304241
46	832989884514	1.94839	305485
46	833377157483	12.0292	297516
343	833377157623	6.37785	302377
46	833381884560	10.864	300440
343	833381884582	5.68623	300418
342	833513009232	6.98644	300767
47	833513019124	1.22224	305875
35	833680502910	2.07315	302090
349	833680500481	7.69263	299518
35	833751877358	7.39762	297642
349	833751878290	2.89742	301710
35	833790095573	2.27987	304427
349	833790102272	1.22237	302727
349	833879977521	5.21091	302479
35	833879987248	1.5732	302752
35	833980025477	11.4035	299522
349	833980025388	5.30018	304612
46	833999036927	2.17473	303073
343	833999032488	3.40653	302512
35	834128444089	3.02541	300910
349	834128442372	11.1842	302627
349	834244787013	15.4073	297987
35	834244799172	1.7533	305827
342	834244807741	1.42386	307259
361	834244808745	0.892677	306254
35	834320907812	9.0428	302188
349	834320908844	3.02558	301156
46	834565372737	2.00872	302262
343	834565369450	21.7366	300549
341	834565375042	1.16042	304958
349	834592086216	5.03784	303784
35	834592094233	1.98561	305766
343	834644464088	5.73655	300912
46	834644466639	2.11607	303360
47	834751473476	5.58472	301524
342	834751473534	3.75359	301465
47	834959906524	1.29345	303476
342	834959906235	1.19247	303764
47	835153054140	7.86784	300859
342	835153053948	6.1337	301051
46	835196675289	15.71	299711
343	835196676556	4.56231	303443
349	835256411462	5.16975	303538
35	835256425281	1.1154	304718
46	835286479944	6.83283	300055
343	835286479439	6.04133	300561
349	835472969280	4.92459	300720
35	835472975123	1.58287	304877
47	835616142497	4.77215	302503
342	835616142739	3.54612	302260
46	835722454483	5.41655	300517
343	835722458658	1.49302	306341
349	835746981247	1.86683	303753
35	835746979726	2.11268	305274
35	835769959181	1.60943	305819
349	835769961275	1.34286	303725
343	835797844836	13.6643	300164
46	835797849205	1.97269	305795
343	835991037869	4.18023	302131
46	835991054705	1.09937	305294
342	836089225504	4.55364	299496
47	836089226592	4.3675	303408
349	836092291870	4.0148	303130
35	836092296096	1.34141	303904
342	836145621119	3.90453	303881
47	836145623301	2.16896	301698
46	836184224592	7.22242	300408
343	836184225187	4.12014	299813
46	836251907149	8.6789	297850
343	836251916707	1.62865	303293
342	836280198408	3.25957	301591
47	836280212193	1.14222	302807
342	836532883823	1.82856	306177
47	836532887821	1.95988	302179
349	836533751807	3.87826	303193
35	836533751965	8.91647	298035
35	836562288665	1.46415	306334
349	836562288161	1.67551	306838
349	836614050916	12.3269	299083
35	836614053151	2.83924	301849
343	836625226045	4.22676	303955
46	836625234464	1.67999	305536
35	836712381084	5.33965	298916
349	836712380861	5.17907	304139
46	836916676511	1.42711	303488
343	836916672579	1.51144	307421
35	837005251297	7.18739	298702
349	837005263824	1.1576	306176
46	837050012244	6.55033	302755
343	837050014404	2.02076	305595
349	837212574621	12.5647	300378
35	837212578200	1.34164	306800
342	837212586756	1.22884	303244
47	837328692107	7.51948	297893
342	837328692280	4.6227	302719
342	837560261010	4.66995	303990
47	837560261193	4.82248	303806
349	837691689141	2.72331	305858
35	837691690725	2.74887	304274
349	837726572018	1.70459	302981
35	837726584059	1.14789	305941
342	837761597134	3.19096	302866
47	837761595910	4.83615	299090
35	837769459831	5.31929	300168
349	837769459592	3.93276	305407
35	837826919809	2.88182	300190
349	837826919621	1.95317	305378
342	837878316202	3.22252	303798
47	837878315394	4.51074	299606
343	837907225436	2.99358	304563
46	837907228791	1.99539	306208
343	837959525058	10.2159	299941
46	837959529000	2.81608	305999
342	838084317090	3.70081	302910
47	838084321514	3.65721	303486
35	838107832144	3.88924	302855
349	838107831513	2.54194	303486
349	838149224675	1.55515	305324
35	838149229211	1.13866	305789
46	838387191721	4.9445	303279
343	838387197052	1.62359	302948
342	838399996868	5.3176	303131
47	838400003584	2.05092	306415
46	838550866434	8.15786	298565
47	838550866891	11.0986	298109
342	838550870386	1.88166	304613
343	838550875219	1.11052	304781
46	838721060712	9.72744	299287
343	838721067613	1.50319	307386
47	838886800792	4.50785	299207
342	838886811344	1.61161	303656
342	839078225724	1.32246	304276
47	839078226674	1.85383	303325
342	839104966618	2.12992	303382
47	839104967301	3.07788	302698
342	839174262449	3.22876	302550
47	839174263530	2.44244	306469
35	839289397824	1.25386	302176
349	839289396068	2.46985	303932
47	839364081851	1.35535	303148
342	839364083779	1.56369	306220
47	839485396554	2.53012	303445
342	839485397835	2.33073	307165
343	839664024450	6.3105	300549
46	839664025658	3.52684	304341
342	839706160161	9.27486	299838
47	839706163980	2.5325	306019
35	839775549081	5.16417	300919
349	839775547754	4.99751	302246
342	839910315023	6.84461	299976
47	839910315978	5.03957	299022
349	839999302819	2.56551	307181
35	839999305870	2.09397	304130
349	840077066668	1.77841	303332
35	840077078577	0.795555	306422
343	840090344599	3.51991	300401
46	840090360392	1.20037	304607
46	840290609843	8.53059	300157
343	840290613142	2.47819	306858
46	840463205859	8.28041	299141
343	840463207262	2.90915	302737
46	840512932403	14.9	297597
343	840512933081	3.46494	301919
342	840758600291	3.26817	304708
47	840758599045	10.7379	300954
47	840925538519	12.6956	301480
342	840925539642	2.43902	305358
342	840982457415	11.6777	302585
47	840982460199	2.83919	299800
343	841005308706	1.41465	306293
46	841005314588	1.37484	305412
35	841095977724	3.12331	302276
47	841095976360	4.3385	303640
349	841095979398	2.02897	305602
342	841095984042	1.21854	305958
35	841121722659	2.26406	302340
349	841121720126	19.9217	299873
342	841121724130	1.86713	305869
46	841141353719	13.7	301281
343	841141354330	4.71616	300670
35	841233261792	3.15942	303208
349	841233267566	1.55451	307433
342	841454214672	1.7405	305327
47	841454223541	1.51524	306459
343	841553334611	3.07116	300389
46	841553335480	2.45318	304520
46	841576202821	1.68796	302178
343	841576198065	4.83645	301934
35	841613996491	3.10282	303509
349	841613995003	8.59379	299996
349	841770914028	1.67834	305972
35	841770922793	1.2489	302206
35	841848157547	2.87107	302452
349	841848155331	7.99554	299669
342	841973980724	1.7865	304276
47	841973980499	3.24526	304501
35	841973995874	0.824959	304126
35	842047082522	1.84206	302477
349	842047079264	7.01469	300735
47	842164650234	4.09371	304766
342	842164650097	3.76157	299903
343	842273666264	4.09126	303735
46	842273666032	3.791	303968
342	842365174291	3.31347	305709
47	842365173908	6.38806	301091
342	842401170894	4.57012	304106
47	842401170718	3.57812	304281
46	842407717149	3.81968	302850
343	842407724996	1.68005	305004
47	842506310517	3.96701	304483
342	842506310152	5.02402	299848
47	842529793134	5.82538	301865
342	842529812033	1.04497	302966
35	842531910918	14.0894	299081
349	842531911159	6.68903	298840
47	842562160718	1.9451	304281
342	842562160322	3.03904	304678
47	842645289884	5.55449	300115
342	842645290734	3.38079	304266
342	842698180819	2.97626	304180
47	842698180910	5.66174	299090
47	842760188264	1.98821	306736
342	842760187696	3.75543	302303
342	842791136695	11.2976	298305
47	842791140783	3.18161	304216
349	842818717101	13.493	297899
35	842818718303	7.35488	301696
46	842903991447	5.67834	303552
343	842903990280	5.28869	304720
342	842912466929	2.73055	303070
47	842912470032	1.60874	304967
35	843024407690	3.80373	302310
349	843024405599	7.92729	299400
35	843120464303	2.28959	305697
349	843120477935	0.981899	307064
35	843224645206	12.275	299793
349	843224645351	5.13665	299648
46	843489005830	7.35154	299169
343	843489006526	3.38884	303474
47	843698608359	5.66359	301640
342	843698608343	2.2473	306656
342	843763564035	4.02626	300964
47	843763563063	18.9209	296936
35	843763573657	1.4333	306342
45	843763584061	1.13196	305939
47	843796275888	1.68343	304112
342	843796282575	1.78765	307424
47	843815373606	9.74321	301394
342	843815378853	1.83331	306146
46	843853320193	6.54556	299806
343	843853320907	2.31798	304092
47	843853333615	1.03795	306385
47	843919251592	3.959	303408
342	843919264672	1.505	305327
35	843957315477	11.6343	299522
349	843957315655	3.22396	304345
349	844077242880	2.09016	302120
35	844077254089	1.15524	305910
349	844226952817	1.5934	307183
35	844226954417	2.02013	305583
47	844285446493	9.25037	298507
342	844285447280	3.20249	302719
47	844701210097	6.32486	299902
342	844701209715	3.64724	305284
46	844701438782	3.02697	301217
343	844701450187	1.25314	304813
343	844730796609	3.15625	303390
46	844730799141	1.95577	305859
46	844768380072	31.4623	299927
343	844768380818	5.69889	299182
30	844768388825	0.333263	306174
349	844819779386	10.0534	300613
35	844819784919	1.90811	305081
47	844834293258	3.67723	301742
342	844834292384	5.10469	302615
46	844912731071	5.95921	298928
343	844912729485	10.0599	300515
47	845033414874	4.53494	300126
342	845033413905	6.14047	301094
47	845152912043	4.88756	302957
342	845152917835	1.1651	307165
343	845275009915	9.39541	300084
46	845275013278	2.56526	301721
47	845380432795	1.45489	302205
342	845380430833	1.50737	304167
35	845463350857	2.9739	304142
349	845463350023	3.43258	304976
47	845619947829	12.7345	297170
342	845619948502	2.97225	301498
349	845658270003	10.5196	299996
35	845658271672	4.76192	303328
47	845694554060	3.05746	305940
342	845694556592	1.68321	303407
46	845697043919	5.72011	301080
343	845697043914	3.70477	301086
46	845781605539	2.8962	304461
343	845781602760	10.4228	302239
349	845792808587	3.59745	301412
35	845792808516	7.11547	301483
343	845845224343	5.32761	300656
46	845845224514	10.2093	300485
47	845855779868	8.75307	300131
342	845855779269	9.5854	300731
46	845977256479	1.41869	303520
343	845977254868	1.49868	305132
47	846095180239	1.5555	304760
342	846095178139	1.90271	306861
349	846149152905	4.09767	302095
35	846149157522	1.41335	302477
349	846177365862	3.06583	304138
35	846177366975	5.2	303024
343	846334735587	4.57231	304413
46	846334742244	1.60606	302755
47	846342054360	2.0799	305639
342	846342064202	1.0174	305798
35	846446285206	2.83638	304793
349	846446293562	1.22354	306437
47	846640112366	2.06886	302633
342	846640109679	4.92834	300321
47	846643863980	7.01489	301019
342	846643864417	3.39334	300583
35	846748612297	2.59856	302703
349	846748610054	1.94846	304946
47	846748613649	2.26654	306350
342	846748612419	2.31438	302581
46	846958160859	3.18402	304141
343	846958163081	2.23092	306919
35	846998474726	2.32772	305274
349	846998487902	1.4556	307097
342	847274745482	1.67031	304518
47	847274743281	2.66883	301718
35	847370058303	1.78053	301696
349	847370063053	1.63984	306946
46	847389860785	4.44917	304214
343	847389860045	3.76892	304954
342	847397446964	3.20635	303036
47	847397445848	11.3872	299152
35	847490392934	8.11117	302066
349	847490394905	2.7685	305094
349	847548705363	3.87224	304637
35	847548704817	6.46848	300182
47	847587341783	2.5735	303216
342	847587349967	1.58944	305032
46	847934206927	15.2273	298073
343	847934214837	1.72924	305162
46	847936954353	10.4967	300646
343	847936954611	8.21049	300389
343	848012867939	2.49491	302060
46	848012876927	1.10206	303072
342	848129070916	26.4135	299084
47	848129073616	2.54352	306383
364	848129075134	1.88446	304865
342	848202446821	4.99409	303179
47	848202446761	3.49741	303238
47	848483093366	6.07162	301633
342	848483099334	2.1396	305666
47	848522756619	11.5899	298380
342	848522757484	3.96526	302516
47	848683443271	2.38927	306729
342	848683450451	1.89776	304548
349	848733855949	3.29583	304050
35	848733854516	16.1589	300484
33	848733861460	0.578514	303540
35	848878637541	4.85909	302459
349	848878636570	5.32509	303429
35	848941378757	3.79665	301243
349	848941377330	5.27878	302670
46	849082385735	3.84484	304265
343	849082386233	3.6321	303766
343	849119094675	7.05886	300324
46	849119103535	1.27415	306464
343	849165695141	2.16318	304859
46	849165707774	1.78005	302225
349	849197948469	3.20994	306530
35	849197950206	1.96086	304793
47	849204840039	3.23707	304960
342	849204839607	4.61213	300392
342	849301421756	7.37854	303244
47	849301423591	3.24923	301408
45	849441634849	2.56167	305151
47	849441633519	12.0773	301480
342	849441639267	1.73146	305733
35	849441646491	0.928295	303509
35	849519827785	4.90513	302215
349	849519835685	1.74372	304314
46	849522550219	9.75	299781
343	849522550076	3.31321	304924
349	849539207078	8.64996	302921
35	849539208215	4.57602	301784
343	849710464099	5.07045	300900
46	849710469173	1.29728	305827
46	849784071096	10.0331	298904
343	849784079820	1.17355	305179
47	850027514335	2.60175	305664
342	850027524651	1.06362	305349
342	850045760660	1.93794	304339
47	850045759935	7.62226	300065
35	850049172537	3.77448	302462
349	850049170512	5.76202	299488
47	850211711070	2.22514	303930
342	850211709995	2.5776	305004
342	850238162246	4.37668	302754
47	850238168134	1.53357	301865
46	850277304970	3.34481	300029
343	850277304385	4.66075	300614
343	850413628948	2.94518	306051
46	850413633655	1.78038	306344
349	850429530182	4.61562	304818
35	850429533849	1.32555	306151
342	850639966058	1.78466	303942
349	850639966015	4.86324	303984
47	850639965338	8.72528	299661
35	850639977873	1.22261	302127
46	850641031881	5.19528	303118
343	850641037644	1.5088	307356
342	850649755860	16.8904	299140
47	850649758152	2.64436	301848
343	850649758597	2.41002	306402
349	850718996246	6.53824	303753
35	850719000760	1.92513	304240
35	850742301853	3.17229	303147
349	850742300625	4.08271	304374
47	850823651752	3.37783	303248
342	850823650088	7.82462	299912
47	850940225681	9.12398	299319
45	850940232015	1.26711	302985
342	850940244109	0.953854	305891
35	850940249364	0.995125	305636
46	850987836594	1.76474	303406
343	850987835219	3.43383	304781
35	850991669255	5.8788	300744
349	850991671246	2.28033	303753
46	851031485373	1.90482	304627
343	851031489771	1.63977	305229
35	851032652781	5.83595	302218
349	851032651004	31.7067	298996
361	851032657646	1.38064	302354
342	851032653504	3.04509	301496
349	851202460952	3.06835	304047
35	851202470766	1.8616	304234
343	851252625665	9.41071	299335
46	851252626977	4.53773	303022
46	851311122213	17.3631	297787
343	851311123302	5.1506	301697
343	851369663290	6.04272	301709
46	851369664811	3.09241	300189
35	851370812297	2.40795	302703
349	851370811931	2.32359	303069
343	851425195627	4.73018	299372
46	851425195808	3.28849	304192
342	851456107917	4.51241	302082
47	851456108063	4.04877	301936
47	851526846956	3.73752	303044
342	851526845894	5.04591	304106
47	851539509479	2.93475	305520
342	851539510288	2.58613	304712
46	851648148503	3.15754	301497
343	851648153672	1.41004	306328
35	851853220577	3.8693	304423
349	851853220569	3.27337	304431
343	851989228979	4.86493	301020
46	851989241831	1.04864	303169
47	852173030129	5.20329	299870
342	852173029586	3.9158	300414
46	852200154396	2.67831	305603
343	852200152684	6.38808	302316
349	852206924356	1.74568	305644
35	852206932215	1.28528	302784
35	852230646023	2.12468	303977
349	852230644797	2.41131	305203
35	852271507266	3.49836	302733
349	852271518993	1.20343	306007
35	852564141026	1.71983	303973
349	852564144408	1.50184	305591
342	852695741202	3.45638	303798
47	852695741178	7.6601	298822
349	852896372509	5.73792	302491
35	852896373788	3.40853	301212
46	853083067310	2.7005	302689
343	853083065753	7.0858	299247
47	853150630032	4.4543	299967
342	853150631695	2.37951	303305
343	853256141319	6.41819	298680
46	853256143400	2.50224	301599
342	853284795377	4.30611	304623
47	853284799616	1.11096	305384
343	853349424803	6.89284	300196
46	853349426912	2.95782	303088
342	853444882449	8.2449	302550
47	853444884449	3.92788	300551
343	853542709694	4.00296	300305
46	853542720881	1.55754	304119
47	853721162829	2.48466	302170
342	853721160950	6.0312	304049
343	853730675917	12.9671	299083
46	853730678118	2.85627	301881
349	853954066514	2.77005	303486
35	853954065214	3.79958	304785
46	854025075926	6.92109	299074
343	854025078502	1.68094	306497
47	854059447829	2.48466	302170
342	854059461999	1.50533	303000
35	854127982358	2.60936	302642
349	854127980897	4.19272	304102
35	854240571035	2.85822	303965
349	854240572330	3.57497	302670
342	854270344835	3.01367	305164
47	854270350199	1.43076	304800
342	854284646076	2.72441	303924
47	854284644659	17.3139	300340
46	854284650607	3.14492	304392
35	854284648714	1.669	306286
45	854284648517	1.75998	306482
342	854333210703	5.48551	304296
47	854333217237	2.04863	302762
47	854483107786	6.03954	302214
342	854483107836	4.32272	302163
47	854506687181	2.96846	302819
342	854506694546	1.47972	305453
35	854511022915	3.23074	302084
349	854511022344	6.97366	302656
35	854519071369	21.7715	298631
349	854519073055	2.54723	301944
33	854519073271	2.18807	301729
35	854536371904	3.39605	303096
349	854536373108	2.35143	306891
46	854545948496	3.41925	301504
343	854545948186	4.47567	301814
349	854709528813	1.80642	306186
35	854709534001	1.3515	305998
349	854740261305	6.82389	298694
35	854740260796	29.5376	299203
33	854740265901	1.42899	304099
342	854850819512	6.02242	300488
47	854850822536	1.81202	302464
46	854956232310	1.14041	302689
343	854956228706	2.11084	306293
47	854956650518	2.03009	304481
342	854956649521	3.43296	300479
349	854965073756	4.92076	301243
35	854965079455	1.23	305544
47	854970267530	1.2857	302469
342	854970272090	1.13235	302910
35	855071308535	3.06536	301464
349	855071317548	1.59607	307452
35	855101410359	5.00197	299641
349	855101421067	1.39391	303933
349	855204628829	15.3551	301170
35	855204630434	5.22018	299566
46	855363001498	3.53796	303501
343	855363000184	5.57223	299815
47	855388650174	16.1559	299825
45	855388651977	2.05799	303022
35	855388652327	1.97604	302672
342	855388650885	3.15878	304114
342	855407815386	1.88166	304613
47	855407817657	1.31425	302343
349	855493580419	8.67667	299580
35	855493581643	5.46151	298356
349	855625386668	6.7116	303332
35	855625387114	7.37913	297886
46	855785262276	12.3528	297724
343	855785263025	3.29593	301974
343	855793301846	3.92044	303154
46	855793302356	5.75382	302643
349	855878860393	5.59874	304606
35	855878863364	2.40422	301636
47	855986571354	2.19512	303646
342	855986567510	14.6968	302489
343	856114402825	2.18101	307174
46	856114409651	1.38886	305348
35	856135854665	15.7172	300335
349	856135855569	3.05847	304431
33	856135867935	0.985207	307065
343	856219187297	2.43843	302703
46	856219196786	1.13769	303214
46	856258528177	6.06094	301822
343	856258536519	1.60258	303480
46	856401206192	17.3659	298808
30	856401207801	0.65892	307198
343	856401210652	1.57308	304348
342	856577152311	10.4499	302689
47	856577162787	1.54342	302213
46	856579827244	3.60872	302755
343	856579827422	2.47657	302577
35	856639269801	2.76178	305199
349	856639268993	3.26604	301007
47	856790467215	2.36026	302784
342	856790466708	3.15402	303291
35	856802991664	4.94048	303336
349	856802990809	8.61485	299190
46	856804629225	4.75924	300774
343	856804628598	3.62912	301402
343	856999275938	3.71646	304062
46	856999289848	1.09368	305151
47	857164126536	4.68076	303463
342	857164130567	1.29134	304432
35	857221964181	10.5409	300819
349	857221978263	1.68235	306736
35	857301594164	5.41319	300836
349	857301593874	5.58757	301125
349	857350847167	1.52386	302832
35	857350845630	1.39145	304370
47	857399048193	1.43917	306807
342	857399050925	1.54931	304075
35	857444231419	4.6658	303580
349	857444231164	2.75003	303835
47	857544910878	8.09841	299121
342	857544910860	3.87461	304140
35	857582980587	5.02484	299413
349	857582979466	4.64107	300534
46	857601899970	2.57391	305029
343	857601898943	7.60926	301057
47	857841572933	3.94319	302067
342	857841572640	4.23171	302359
349	857873789202	14.0141	300797
35	857873790888	4.41887	299112
35	857942659569	2.26866	305430
349	857942658623	2.51381	306376
343	857950581495	14.9391	298504
46	857950584396	3.23219	300603
47	857965959949	8.64984	300050
342	857965963238	1.92184	306762
47	858014533510	2.33156	306489
342	858014542865	1.3784	307135
47	858029271899	2.92134	303100
342	858029270539	8.15546	299460
343	858306654313	3.39096	305687
46	858306660840	1.29099	304160
47	858314347691	7.07816	302308
342	858314350352	2.34343	304647
349	858342884592	3.07752	305407
35	858342884604	5.74951	300396
46	858387622232	6.85739	302767
343	858387629959	1.27412	305040
349	858581700382	1.58862	304618
35	858581709840	1.66827	305160
46	858653591179	9.71613	298821
343	858653596802	1.41124	303198
47	858864066462	1.07412	303538
342	858864065442	1.96402	304558
349	859119575151	3.6973	299848
35	859119589333	0.771568	305666
47	859297049305	1.57346	305695
342	859297060851	1.50887	304149
35	859358490450	8.18648	299549
349	859358491252	3.1931	303748
47	859437332899	2.09925	302101
342	859437328663	12.9402	301337
35	859542256037	11.0597	298963
349	859542256483	3.18885	303516
35	859785563500	5.50653	301500
349	859785562745	3.86766	302254
343	859793028493	2.08172	306507
46	859793033050	1.32556	301950
343	859804445873	2.31351	304127
46	859804444396	4.57734	300603
47	859808310878	2.99569	304121
342	859808309460	5.3059	300540
349	859836673055	2.97298	301944
35	859836680294	1.32634	304706
46	859910103712	2.08164	306288
343	859910102865	2.26003	307135
47	860137717721	8.70053	302279
342	860137717090	5.12439	302910
342	860266936470	2.56574	303530
47	860266934868	16.671	300131
35	860266941934	1.036	303065
47	860447089079	5.59889	300920
342	860447095981	1.76823	304019
35	860490875416	6.33318	299583
349	860490875030	2.90113	304969
46	860545848503	1.71113	306497
343	860545848281	1.63623	306719
35	860559467175	12.7064	297825
349	860559467460	6.05751	302540
342	860631624044	16.7816	300955
47	860631627544	4.27302	302456
349	860637207723	2.06141	307276
35	860637222671	1.2227	302328
342	860732540374	9.83466	299626
47	860732541826	5.73717	298173
342	860735804334	6.68921	300666
47	860735803770	25.8994	301230
35	860735810145	1.73186	304854
45	860735808214	2.35577	301786
342	860818619109	4.99812	300891
47	860818625259	1.77261	304741
35	860888406912	3.25282	303088
349	860888406065	4.2796	303935
349	860899919444	1.55032	305556
35	860899927521	1.13258	302479
35	860958617632	11.8247	297367
47	860958617691	8.73222	302308
349	860958627550	1.75249	307450
342	860958638277	1.23	306723
46	861113384747	2.07532	305252
343	861113387302	1.66809	302697
46	861270910595	8.13637	299405
343	861270912409	2.33293	307590
47	861336801230	3.081	303769
342	861336803216	1.93892	306783
46	861556464387	4.72779	300612
343	861556463111	9.78668	301888
349	861694803695	1.35861	306304
35	861694817026	0.842949	302974
342	861828468394	2.66072	306605
47	861828468452	4.53524	301547
46	861894909524	6.18423	300476
343	861894910015	2.8348	304985
35	861918494626	9.60518	300373
349	861918495121	3.32751	304879
46	861953292853	1.25084	302146
343	861953293723	1.49234	306276
47	862232573561	1.22062	306439
342	862232585802	1.73317	304197
35	862379522026	1.27033	302974
349	862379518695	2.63435	306304
46	862439835603	3.58912	304397
342	862439835595	1.92484	304404
47	862439835524	4.56358	304476
349	862694659794	1.57887	305206
35	862694662026	1.48571	302974
46	862787067878	12.1587	302122
343	862787068290	3.02831	301709
342	862868194715	4.62349	300284
47	862868196307	1.76938	303692
343	862873123437	17.6708	301562
46	862873130989	1.43739	304010
342	862884046115	2.98535	303884
47	862884050715	1.74643	304284
47	862910266609	1.4325	303390
342	862910272028	0.888355	302971
349	862953955449	1.69459	304551
35	862953956782	1.84303	303218
35	863000630058	7.19604	299942
349	863000629347	9.75006	300652
342	863028109364	3.08478	305635
46	863028112105	2.09418	302895
47	863028108786	5.33401	301214
343	863028122428	1.62454	307571
349	863032665977	4.26342	304022
35	863032664604	21.9247	300395
33	863032668824	1.29773	306176
342	863107306276	2.78561	303724
47	863107304868	18.569	300131
35	863107314919	1.25969	305081
47	863178314229	3.61049	305771
342	863178313725	2.32366	306275
349	863296898073	5.4279	301926
35	863296903333	1.8347	306666
342	863542653820	11.054	301179
47	863542654839	5.34837	300160
343	863556720217	5.05886	299782
46	863556720671	8.23279	299328
35	863695226460	7.91283	298539
349	863695229089	1.26434	305911
46	863803813942	2.0597	306058
343	863803816043	1.27377	303957
47	863836951964	1.91265	303036
343	863836950152	7.62071	299847
342	863836950724	6.56515	299276
46	863836960576	0.908722	304424
343	863888999959	12.2966	300040
46	863889004048	3.26691	300952
35	863978504940	7.45578	300060
349	863978506183	2.38779	303816
35	863984992154	5.23911	302845
349	863984992368	4.06063	302631
349	864125958993	4.11872	301007
35	864125958818	5.14114	301182
342	864141776838	2.24356	303162
47	864141776548	5.51019	303451
47	864188401138	12.8922	298862
342	864188403078	2.89108	301922
35	864308807971	2.95504	302029
349	864308807990	2.32558	307009
349	864309478999	9.4429	301000
35	864309489840	1.45804	305160
342	864322130981	2.00303	304019
47	864322131514	1.61735	303486
46	864358723808	7.17966	301192
343	864358730184	1.33693	304815
343	864505767086	2.553	302914
46	864505768981	1.47733	306018
35	864570992307	5.9422	302693
349	864570991195	8.26052	298805
46	864605152360	3.70836	302640
343	864605151424	4.83631	303575
47	864608897592	1.71054	302408
342	864608895663	1.31097	304337
349	864653867374	4.8434	302625
35	864653882571	1.56729	302428
349	864755787521	3.07978	302479
35	864755804455	1.23	305544
349	864815871046	2.7269	303954
35	864815873744	2.10957	306255
47	864816804110	7.45178	300890
342	864816805093	3.48834	304906
35	864897344779	2.31314	305221
349	864897344324	2.53266	305676
47	865038988807	1.76698	306193
342	865038992640	1.33392	307360
343	865046154260	2.93476	305740
46	865046153305	5.86499	301695
47	865098981857	5.54263	298143
342	865098988407	1.51037	306593
35	865319944878	4.23701	300121
349	865319944993	2.14714	305007
47	865446297959	1.28384	302040
342	865446311115	1.12422	303884
349	865899161776	3.87471	303223
47	865899231769	7.78368	298230
342	865899227311	4.86744	302689
47	865943315563	13.1092	299436
342	865943324807	1.79241	305193
45	865943323105	1.67784	306894
46	865987630827	5.989	299173
343	865987630532	3.48125	304468
47	865992801739	6.5468	298261
342	865992800981	5.60142	299019
47	866044640913	10.9861	299087
342	866044644906	1.55521	305094
343	866099328207	1.79208	306793
46	866099337737	1.12404	302262
47	866110329530	4.45947	300470
342	866110327865	5.70054	302134
47	866240054004	7.64154	300996
342	866240056076	3.43124	303924
343	866274180440	1.61832	304560
46	866274193528	1.531	306472
343	866275547249	12.4331	302750
46	866275564077	1.49545	305922
35	866536912339	3.33912	302660
349	866536912696	2.48244	307303
343	866631110919	2.79752	304081
46	866631112737	2.455	302262
47	866634328097	7.12826	301902
342	866634327376	5.35603	302624
35	866842849547	5.10921	300453
349	866842849325	4.45319	300674
46	867057137551	11.3677	297448
343	867057139898	2.19088	305101
342	867210486115	1.35682	303884
47	867210485848	1.15271	304152
47	867346130257	3.88221	299742
342	867346134321	1.43521	305678
35	867514591366	4.47835	303633
349	867514590594	6.1315	299406
343	867545381012	1.73392	303987
46	867545384005	1.17911	305994
47	867649570971	3.23468	304029
342	867649582791	1.60007	307208
342	867793477388	5.36749	302611
47	867793484261	1.44946	305739
35	867835611550	12.6411	298450
349	867835612313	7.39418	302686
349	867887141811	2.40447	303188
35	867887140102	6.50116	299897
349	867902513951	2.15212	306048
35	867902513474	2.0542	306525
46	868016971498	3.54992	303501
343	868016968367	26.9898	301633
341	868016974321	0.971413	305678
343	868176966359	11.1688	298640
46	868176968583	3.18483	306416
343	868249109231	7.95623	300769
46	868249110671	2.70772	304328
35	868286019695	15.4944	300304
349	868286020630	2.85518	304370
46	868587491943	3.18789	303056
343	868587497739	1.54427	307260
47	868689713445	2.49506	301554
342	868689716618	1.89584	303382
47	868718126804	10.0498	298196
45	868718131333	1.34055	303667
342	868718131470	1.40239	303530
35	868718141458	0.765972	303541
349	869010011370	1.50523	303629
35	869010015904	1.04677	304095
47	869031420774	2.28854	304226
342	869031423727	1.55056	306272
343	869142431064	2.58188	303936
342	869142430060	4.47881	304939
47	869142434465	2.42529	305535
35	869381473954	10.179	301046
349	869381480804	1.99169	304195
46	869523316864	4.44219	303136
343	869523316008	5.2052	303991
35	869709478378	2.04106	306622
349	869709482421	1.52557	307578
47	869807241977	4.44374	303022
342	869807245253	1.88093	304746
342	869936922852	8.59236	302147
47	869936923381	8.45454	301619
342	870048746020	17.4288	298979
47	870048749101	2.63971	305899
349	870159581515	1.81765	303485
35	870159584172	1.53642	305827
35	870266137885	6.36141	302115
342	870266137039	5.29781	302961
47	870266139066	3.83988	300933
46	870499508751	3.4737	301249
343	870499507409	6.3664	302590
349	870587729060	3.05543	300939
35	870587728137	15.9432	296862
33	870587745128	1.03076	304871
47	870635012141	5.50299	302858
342	870635012800	3.09103	302199
349	870806215039	3.94915	299961
35	870806214970	4.5284	300029
343	871048378472	6.39772	301528
46	871048379336	7.39769	300664
342	871106389328	5.5713	300672
47	871106392116	1.52455	302884
342	871113312952	3.27982	307048
47	871113313056	5.29678	301943
35	871196416428	6.29513	303572
349	871196417144	2.51733	302855
35	871215404831	7.58541	300168
349	871215404472	5.68703	300527
343	871246236449	3.81931	303551
46	871246243406	1.58486	306593
35	871304392327	7.16693	297672
349	871304392509	6.16933	302491
46	871333361543	13.7908	298456
343	871333363311	1.17826	306688
47	871504287868	2.29671	302131
342	871504285257	12.4925	299743
343	871568835236	1.26189	304764
46	871568839715	1.62238	305284
349	871593480240	2.73018	304760
35	871593491128	1.50336	303871
47	871659077268	6.78444	302732
342	871659090981	1.53492	304019
349	871713394802	2.90114	305197
35	871713411572	0.749126	303428
342	871743334780	3.6961	300220
47	871743333908	5.36639	301091
35	871771167732	13.5784	297267
349	871771171277	2.07175	303723
349	871930958829	3.12678	301170
35	871930960263	2.63049	304736
47	871964972527	8.285	302472
342	871964971457	11.7735	298542
35	872201303893	8.77256	301107
349	872201316544	1.29014	303455
46	872268427182	3.34565	302817
343	872268426104	2.89747	303896
46	872362220468	3.48907	304532
343	872362225312	1.74373	304687
47	872477956946	18.271	298053
35	872477962915	1.27078	302084
342	872477958693	3.27024	301306
45	872477963440	2.33786	301559
47	872535475468	3.23888	304532
342	872535473439	8.28185	301561
35	872630889356	5.22109	300644
349	872630894218	1.56861	305781
343	872635248437	4.54056	301562
46	872635249610	2.48643	305390
35	872751806244	4.56495	298755
349	872751806513	4.88607	303486
35	872831688893	15.3408	301107
349	872831688993	5.39664	301007
47	872955424609	4.16462	300391
342	872955422441	25.6902	297559
342	873297192008	4.34213	302991
47	873297191462	6.3651	298538
349	873371970094	2.0462	304905
35	873371975302	1.83179	304697
46	873424993502	3.27446	301497
343	873424992367	5.3928	302632
343	873453373247	4.2588	301753
46	873453373599	4.74723	301400
35	873461417541	1.99384	302459
349	873461424726	1.24581	305274
47	873465951848	2.3831	303151
342	873465960439	1.66038	304561
343	873577946590	5.26798	303409
46	873577948368	3.83952	301631
342	873711909256	5.73297	300743
47	873711920681	1.53227	304319
343	873759046329	9.30579	298671
46	873759051115	2.33638	303885
47	873780500839	13.1595	299161
342	873780502895	2.78833	307104
35	874047333757	2.57529	306243
349	874047336809	1.66197	303191
349	874056452605	4.75178	302395
35	874056453422	3.77353	301578
343	874097604074	12.1256	300925
46	874097605795	4.84283	299205
47	874185644045	3.74901	300954
342	874185642455	5.91139	302545
46	874270138183	7.9628	301817
343	874270137739	8.81442	302260
35	874457485072	3.03782	304928
349	874457493084	1.43228	306916
47	874556041230	5.72452	298769
342	874556039195	17.0985	300804
342	874577675291	1.6305	304708
35	874577674878	3.46267	305121
349	874577673562	4.3546	301437
47	874577681804	1.67559	303196
342	874612069902	5.15591	300097
47	874612069295	16.6895	300704
349	874664741610	3.69364	303389
35	874664741397	7.28938	298602
342	874746745642	6.23183	299358
47	874746757193	1.34665	302807
343	874932935522	6.25989	299478
46	874932936371	4.42725	303628
349	874983234920	2.49954	305079
35	874983234970	7.91436	300029
47	875024061230	6.54764	298769
342	875024059256	28.9199	300743
47	875044731548	1.41984	303451
342	875044739269	1.6599	305731
35	875073651220	3.26917	303780
349	875073653469	1.93459	306530
35	875083430324	2.86084	304675
349	875083427627	16.2799	302372
342	875083439204	1.43731	305795
361	875083439571	1.19797	305428
46	875102524097	31.2906	300903
343	875102524807	4.81108	300193
342	875135364393	3.45608	300607
47	875135364205	8.70471	300794
342	875312658086	1.6563	306913
47	875312668584	1.23676	306415
46	875531496579	2.80785	303421
343	875531495217	3.59284	304782
35	875537360843	2.77445	304156
349	875537359905	5.90312	300094
35	875620915668	3.22512	304331
349	875620918643	2.46078	306357
343	875712802579	4.35625	302420
46	875712804304	3.54475	300696
46	875811295500	10.3982	299500
343	875811297760	2.16924	307239
47	875835219949	9.88524	300050
342	875835219995	6.90115	300004
342	875945830577	9.84837	299422
47	875945832963	2.51772	302036
349	875946553104	1.87562	306896
35	875946567602	1.35539	302398
35	876244578780	9.65993	301220
349	876244585148	1.43599	304851
349	876294626572	3.10484	303427
35	876294625603	12.3913	299396
349	876444197776	4.08599	302224
35	876444199194	3.63855	300805
46	876444667134	3.45291	302866
343	876444666670	4.32941	303329
46	876477916895	1.94219	303105
343	876477915024	1.98514	304975
47	876477914933	7.1129	300066
342	876477914457	4.88193	300542
46	876503287424	1.48817	302576
343	876503286458	2.28731	303541
342	876609592011	2.90897	302988
47	876609590848	16.7911	299152
35	876609595874	1.2556	304126
45	876609601756	1.17892	303244
349	876949013524	8.37208	301475
35	876949013455	11.9625	301544
343	876978277067	18.6346	297932
46	876978285130	1.48566	304870
349	877005048942	3.51947	306057
35	877005056458	1.63117	303541
46	877440165722	3.53192	304278
343	877440163437	3.60723	301562
